Time	TX	txGrid	RX	rxGrid	MHz	Watts	SNR	drift	k	az	mode	k/W	spotQ	version
2026-06-21 22:00	KH2R	FN21	KD3CCO	FN10cs	7.040037	1	-2	0	243	252	WSPR2	243	229	3.0.1
2026-06-21 22:00	WW0WWV	DN70mq	KD3CCO	FN10cs	7.040052	1	-18	0	2280	81	WSPR2	2280	1107	3.0.1
2026-06-21 22:00	N9VP	FM06bc	KD3CCO	FN10cs	7.040059	0.2	-17	0	550	19	WSPR2	2750	1414	3.0.1
2026-06-21 22:00	WX9Z	EM78ch	KD3CCO	FN10cs	7.040092	0.2	-24	0	738	66	WSPR2	3690	1160	3.0.1
2026-06-21 22:00	AC9YY	EN51	KD3CCO	FN10cs	7.040103	1	-16	1	945	91	WSPR2	945	513	3.0.1
2026-06-21 22:00	W0NKA	EN35na	KD3CCO	FN10cs	7.040131	0.2	-18	0	1314	106	WSPR2	6570	3191	3.0.1
2026-06-21 22:00	KO2J	FM19	KD3CCO	FN10cs	7.040149	0.01	-18	0	157	336	WSPR2	15700	7626	3.0.1
2026-06-21 22:00	KD8ZWI	EN80	KD3CCO	FN10cs	7.040153	0.2	-16	0	444	84	WSPR2	2220	1205	3.0.1
2026-06-21 22:00	KD2SSS	FN21	KD3CCO	FN10cs	7.040178	0.2	-5	0	243	252	WSPR2	1215	1041	3.0.1
2026-06-21 22:00	N0NKL	EN47	KD3CCO	FN10cs	7.040182	0.2	-19	0	1291	120	WSPR2	6455	2951	3.0.1
2026-06-21 22:00	DG1GHR	JN48ao	KD3CCO	FN10cs	7.040202	5	-28	0	6477	297	WSPR2	1295	259	3.0.1
2026-06-21 21:58	DG1GHR	JN48ao	KD3CCO	FN10cs	7.040202	5	-26	0	6477	297	WSPR2	1295	333	3.0.1
2026-06-21 21:58	OK1BF	JO70ub	KD3CCO	FN10cs	7.040176	0.2	-25	0	6883	301	WSPR2	34415	9833	3.0.1
2026-06-21 21:58	AA1QR	FN43ce	KD3CCO	FN10cs	7.040125	0.2	-25	0	564	244	WSPR2	2820	806	3.0.1
2026-06-21 21:58	KD2EIB	FM29	KD3CCO	FN10cs	7.040106	0.1	-12	0	274	302	WSPR2	2740	1801	3.0.1
2026-06-21 21:58	N9VP	FM06bc	KD3CCO	FN10cs	7.040106	0.2	-18	0	550	19	WSPR2	2750	1336	3.0.1
2026-06-21 21:58	KC2GYU	FM29pe	KD3CCO	FN10cs	7.0401	0.2	0	0	316	305	WSPR2	1580	1580	3.0.1
2026-06-21 21:58	WW0WWV	DN70mq	KD3CCO	FN10cs	7.040051	1	-19	0	2280	81	WSPR2	2280	1042	3.0.1
2026-06-21 21:58	KE2AFE	FN23va	KD3CCO	FN10cs	7.040039	0.2	-25	0	388	231	WSPR2	1940	554	3.0.1
2026-06-21 21:58	KF0QVE	DM78	KD3CCO	FN10cs	7.040013	0.2	-20	0	2338	75	WSPR2	11690	5010	3.0.1
2026-06-21 21:56	KD3CCO	FN10cs	N2OTO	EL96wi	7.040085	5	-11	0	1617	188	WSPR2	323	221	v1.2.117
2026-06-21 21:56	KD3CCO	FN10cs	K9IMM	EN52cv	7.040089	5	-2	0	1021	287	WSPR2	204	192	CWSL_DIGI
2026-06-21 21:56	KD3CCO	FN10cs	N3AGE-0	FN30hw	7.040097	5	9	0	372	86	WSPR2	74	93	WD_3.3.2-2
2026-06-21 21:56	KD3CCO	FN10cs	KV0S	EM38tv	7.040098	5	-14	0	1261	265	WSPR2	252	151	WD_3.3.2-2
2026-06-21 21:56	KD3CCO	FN10cs	M9PSY	IO86ha	7.040097	5	-14	0	5456	45	WSPR2	1091	655	UberSDR
2026-06-21 21:56	KD3CCO	FN10cs	AC0G	EM38ww	7.040098	5	-6	0	1239	265	WSPR2	248	205	WD_4.0
2026-06-21 21:56	KD3CCO	FN10cs	K5MO	FM05	7.040098	5	2	0	598	191	WSPR2	120	127	WD_3.2.3
2026-06-21 21:56	KD3CCO	FN10cs	N0QDS	EN35ga	7.040098	5	-5	0	1358	296	WSPR2	272	233	1.4A Kiwi
2026-06-21 21:56	KD3CCO	FN10cs	N8GA-1	EN80ee	7.040098	5	11	0	498	264	WSPR2	100	131	WD_3.3.2-1
2026-06-21 21:56	KD3CCO	FN10cs	VE6JY	DO33or	7.040098	5	-10	0	2967	311	WSPR2	593	424	web-888
2026-06-21 21:56	KD3CCO	FN10cs	W3MLM	DN70ln	7.040057	5	-19	0	2289	278	WSPR2	458	209	1.3 Kiwi
2026-06-21 21:56	KD3CCO	FN10cs	KG5VWO	EM40oh	7.040104	5	-11	0	1650	229	WSPR2	330	226	web-888
2026-06-21 21:56	KD3CCO	FN10cs	EA8/DL1MDS	IL38bo	7.040098	5	-5	0	5868	82	WSPR2	1174	1006	1.4A Kiwi
2026-06-21 21:56	KD3CCO	FN10cs	KM4MZA	EM78qe	7.040099	5	-12	0	653	246	WSPR2	131	86	1.4A Kiwi
2026-06-21 21:56	KD3CCO	FN10cs	KD5QLM	EM13lb	7.040098	5	-14	0	1908	249	WSPR2	382	229	web-888
2026-06-21 21:56	KD3CCO	FN10cs	WF4V	FM18jr	7.040099	5	4	0	232	167	WSPR2	46	51	1.4A Kiwi
2026-06-21 21:56	KD3CCO	FN10cs	VA3ROM-1	EN58jk	7.040098	5	-10	0	1240	317	WSPR2	248	177	web-888
2026-06-21 21:56	KD3CCO	FN10cs	WB8UFC	EM75ul	7.040115	5	-2	0	818	226	WSPR2	164	155	1.4A Kiwi
2026-06-21 21:56	KD3CCO	FN10cs	K8NVH-K0	EN82lm	7.040107	5	-12	0	478	296	WSPR2	96	63	1.4A Kiwi
2026-06-21 21:56	KD3CCO	FN10cs	KD4OKR	FM05on	7.040097	5	7	0	586	189	WSPR2	117	140	1.4A Kiwi
2026-06-21 21:56	KD3CCO	FN10cs	AI4FU-KIWI	EM86ca	7.040098	5	-16	0	743	227	WSPR2	149	81	1.4A Kiwi
2026-06-21 21:56	KD3CCO	FN10cs	KA3SKN	FM18kx	7.040099	5	-19	0	207	164	WSPR2	41	19	1.4A Kiwi
2026-06-21 21:56	KD3CCO	FN10cs	KB8VUC	EN72er	7.040166	5	-10	0	685	291	WSPR2	137	98	1.4A Kiwi
2026-06-21 21:56	KD3CCO	FN10cs	N6IO	EM85sm	7.040098	5	-22	0	712	216	WSPR2	142	53	web-888
2026-06-21 21:56	KD3CCO	FN10cs	W1DRF	FN31pr	7.040099	5	5	0	438	74	WSPR2	88	101	web-888
2026-06-21 21:56	KD3CCO	FN10cs	DL4ZBE	JO40ba	7.040097	5	-5	0	6411	49	WSPR2	1282	1099	WD_3.3.2-1
2026-06-21 21:56	KD3CCO	FN10cs	W4KEL	FM08rd	7.040099	5	12	0	299	193	WSPR2	60	81	1.4A Kiwi
2026-06-21 21:56	KD3CCO	FN10cs	HB9VQQ/RL	JN47kh	7.040097	5	-8	0	6599	52	WSPR2	1320	1018	WD_3.3.2-2
2026-06-21 21:56	KD3CCO	FN10cs	OE9TAV	JN47tk	7.040097	5	-15	0	6642	51	WSPR2	1328	759	WD_3.2.3-1
2026-06-21 21:56	KD3CCO	FN10cs	HB9VQQ	JN47kh	7.040097	5	-8	0	6599	52	WSPR2	1320	1018	WD_3.3.2-2
2026-06-21 21:56	KD3CCO	FN10cs	OE9GHV	JN47wk	7.040097	5	-1	0	6658	51	WSPR2	1332	1294	WD_3.3.2-2
2026-06-21 21:56	KD3CCO	FN10cs	N6GN4	DN70ll	7.040097	5	-14	0	2291	278	WSPR2	458	275	WD_3.3.2-2
2026-06-21 21:56	KD3CCO	FN10cs	KD2CLR	FN13gb	7.040098	5	-4	0	256	6	WSPR2	51	45	WD_3.1.7
2026-06-21 21:56	KD3CCO	FN10cs	AF7KR	DM45dg	7.040099	5	-18	0	3014	269	WSPR2	603	293	WD_3.3.2-1
2026-06-21 21:56	KD3CCO	FN10cs	WD4ELG	FM06be	7.040098	5	-8	0	541	200	WSPR2	108	83	WD_3.3.2-2
2026-06-21 21:56	KD3CCO	FN10cs	K9DZT	EN52wx	7.040098	5	-17	0	889	289	WSPR2	178	92	WD_3.3.2-2
2026-06-21 21:56	KD3CCO	FN10cs	N4TTN	FM05pm	7.040099	5	2	0	589	188	WSPR2	118	125	1.4A Kiwi
2026-06-21 21:56	KD3CCO	FN10cs	G4ZFQ	IO90ir	7.040097	5	-8	0	5768	51	WSPR2	1154	890	WD_3.3.2-2
2026-06-21 21:56	KD3CCO	FN10cs	N3AGE-4	FN30hw	7.040097	5	12	0	372	86	WSPR2	74	99	WD_3.3.2-2
2026-06-21 21:56	KD3CCO	FN10cs	K1RA-PI	FM18cr	7.040099	5	4	0	227	180	WSPR2	45	50	DS_0.35.1
2026-06-21 21:56	KD3CCO	FN10cs	OE3GBB/Q	JN87aq	7.040097	5	-3	0	7042	49	WSPR2	1408	1287	WD_3.3.2-2
2026-06-21 21:56	KD3CCO	FN10cs	EA8BFK	IL38bo	7.0401	5	-5	0	5868	82	WSPR2	1174	1006	WD_3.3.2-2
2026-06-21 21:56	KD3CCO	FN10cs	KD7EFG-1	DN31uo	7.040098	5	-16	0	2869	283	WSPR2	574	312	WD_3.3.2-2
2026-06-21 21:56	KD3CCO	FN10cs	K1RA	FM18cr	7.04013	5	4	0	227	180	WSPR2	45	50	CWSL_DIGI
2026-06-21 21:56	KD3CCO	FN10cs	KD7EFG	DN31uo	7.040097	5	-16	0	2869	283	WSPR2	574	312	WD_3.3.2-2
2026-06-21 21:56	KD3CCO	FN10cs	KD2OM	FN12gx	7.040098	5	10	0	247	6	WSPR2	49	63	WD_3.3.2-2
2026-06-21 21:56	KD3CCO	FN10cs	WZ7I	FN20kk	7.040094	5	-1	0	228	98	WSPR2	46	45	CWSL_DIGI
2026-06-21 21:56	KD3CCO	FN10cs	WA2TP	FN30lu	7.040098	5	14	0	400	87	WSPR2	80	112	WD_3.3.2-2
2026-06-21 21:56	KD3CCO	FN10cs	WA7LNW	DM37gd	7.040105	5	-15	0	3089	274	WSPR2	618	353	RP122-16
2026-06-21 21:56	KD3CCO	FN10cs	PLANB/SWL	IO91en	7.040097	5	-12	0	5714	51	WSPR2	1143	751	WD_3.3.2-2
2026-06-21 21:56	KD3CCO	FN10cs	N5TNL	EM25ui	7.040098	5	-10	0	1562	253	WSPR2	312	223	WD_3.3.2-2
2026-06-21 21:56	KD3CCO	FN10cs	PD0OHW	JO33lc	7.040097	5	-10	0	6191	46	WSPR2	1238	884	WD_3.3.2-2
2026-06-21 21:56	KD3CCO	FN10cs	K9TRV-5	EN82bi	7.040098	5	7	0	536	291	WSPR2	107	128	WD_3.3.2-2
2026-06-21 21:56	KD3CCO	FN10cs	CT7ARF	IM58js	7.040103	5	-10	0	5710	68	WSPR2	1142	816	v1.2.115
2026-06-21 21:56	KD3CCO	FN10cs	HB9GZW	JN47bj	7.040096	5	-11	0	6545	52	WSPR2	1309	898	WD_3.1.7
2026-06-21 21:56	KD3CCO	FN10cs	N6GN5	DN70ll	7.040097	5	-10	0	2291	278	WSPR2	458	327	WD_3.3.2-2
2026-06-21 21:56	KD3CCO	FN10cs	N1DQ-1	FN42hn	7.040098	5	-9	0	569	67	WSPR2	114	85	WD_3.3.2-2
2026-06-21 21:56	KD3CCO	FN10cs	GB0PSC	IO92wa	7.040097	5	5	0	5793	50	WSPR2	1159	1325	WD_3.3.2-2
2026-06-21 21:56	KD3CCO	FN10cs	G8LCO	IO91vu	7.040116	5	-16	0	5794	50	WSPR2	1159	629	
2026-06-21 21:56	KD3CCO	FN10cs	OE3GBB/P	JN87aq	7.040097	5	-3	0	7042	49	WSPR2	1408	1287	WD_3.3.2-2
2026-06-21 21:56	KD3CCO	FN10cs	W0CWA/K	DN70kk	7.040098	5	-19	0	2298	278	WSPR2	460	210	WD_3.3.2-2
2026-06-21 21:56	KD3CCO	FN10cs	K3LR	EN91se	7.040098	5	-1	0	229	283	WSPR2	46	45	WD_3.3.2-2
2026-06-21 21:56	KD3CCO	FN10cs	N8GA	EN80ee	7.040098	5	-6	0	498	264	WSPR2	100	83	WD_3.3.2-1
2026-06-21 21:56	KD3CCO	FN10cs	KX4O	FM18cp	7.040119	5	14	0	236	180	WSPR2	47	66	WD_3.3.2-2
2026-06-21 21:56	KD3CCO	FN10cs	G4HZX	IO91xk	7.040097	5	3	0	5821	50	WSPR2	1164	1264	WD_3.3.2-2
2026-06-21 21:56	KD3CCO	FN10cs	KD3ALD	FN21ni	7.040098	5	17	0	253	74	WSPR2	51	76	WD_3.3.2-1
2026-06-21 21:56	KD3CCO	FN10cs	KJ6MKI	CM88oi	7.040097	5	-23	0	3825	281	WSPR2	765	262	WD_3.3.2-2
2026-06-21 21:56	KD3CCO	FN10cs	DK4RW/1	JO40oe	7.040097	5	-12	0	6471	49	WSPR2	1294	850	
2026-06-21 21:56	KD3CCO	FN10cs	N4TVC/4	FM18is	7.040125	5	4	0	226	169	WSPR2	45	50	
2026-06-21 21:56	KD3CCO	FN10cs	KW7MM	DM42mm	7.040104	5	-18	0	3077	263	WSPR2	615	299	CWSL_DIGI
2026-06-21 21:56	KD3CCO	FN10cs	W0WWV	DN70mq	7.040097	5	-13	0	2280	279	WSPR2	456	287	WD_3.3.2-2
2026-06-21 21:56	KD3CCO	FN10cs	HB9VQQ/KE	JN47kh	7.040097	5	-9	0	6599	52	WSPR2	1320	981	WD_3.3.2-2
2026-06-21 21:56	KD3CCO	FN10cs	KR8MER	EN71xa	7.040098	5	-19	0	526	275	WSPR2	105	48	v1.2.116
2026-06-21 21:56	KD3CCO	FN10cs	K9TRV-2	EN82bi	7.040099	5	7	0	536	291	WSPR2	107	128	WD_3.3.2-2
2026-06-21 21:56	KD3CCO	FN10cs	W2NAF-2	FN21ei	7.040098	5	13	0	193	70	WSPR2	39	53	WD_3.3.2-2
2026-06-21 21:56	KD3CCO	FN10cs	I0UVN	JN61nl	7.040097	5	-12	0	7222	56	WSPR2	1444	949	WD_3.2.3-1
2026-06-21 21:56	KD3CCO	FN10cs	N3AGE-2	FN30hw	7.040097	5	15	0	372	86	WSPR2	74	106	WD_3.3.2-2
2026-06-21 21:56	KD3CCO	FN10cs	K6VZK	DM13nh	7.040097	5	-16	0	3536	269	WSPR2	707	384	WD_3.3.2-2
2026-06-21 21:56	KD3CCO	FN10cs	K9TRV	EN82bi	7.040098	5	2	0	536	291	WSPR2	107	113	WD_3.3.2-2
2026-06-21 21:56	KD3CCO	FN10cs	K9TRV-4	EN82bi	7.040098	5	7	0	536	291	WSPR2	107	128	WD_3.3.2-2
2026-06-21 21:56	KD3CCO	FN10cs	G8AOE	IO94im	7.040097	5	-12	0	5629	47	WSPR2	1126	740	WD_3.3.2-2
2026-06-21 21:56	KD3CCO	FN10cs	AC0G/ND	EN16ov	7.040098	5	-13	0	1664	300	WSPR2	333	209	WD_3.3.2-2
2026-06-21 21:56	KD3CCO	FN10cs	N2YCH	FN31jg	7.040097	5	13	0	388	80	WSPR2	78	107	WD_3.3.2-2
2026-06-21 21:56	KD3CCO	FN10cs	KX4AZ/T	EN74gc	7.040098	5	8	0	730	303	WSPR2	146	179	WD_3.3.2-2
2026-06-21 21:56	KD3CCO	FN10cs	WA5DJJ	DM62ph	7.040097	5	-17	0	2734	259	WSPR2	547	281	2.6.1
2026-06-21 21:56	KD3CCO	FN10cs	KC2G	FN21wa	7.040098	5	10	0	309	84	WSPR2	62	80	WD_3.3.2-2
2026-06-21 21:56	KD3CCO	FN10cs	DD5XX	JN48ps	7.040113	5	-10	0	6549	50	WSPR2	1310	936	
2026-06-21 21:56	KD3CCO	FN10cs	DJ2DS/1	JO33sn	7.040097	5	-12	0	6206	46	WSPR2	1241	816	WD_3.3.2-2
2026-06-21 21:56	KD3CCO	FN10cs	K3DFD	FN20lb	7.040097	5	-8	0	246	108	WSPR2	49	38	WD_3.3.2-2
2026-06-21 21:56	KD3CCO	FN10cs	13HN1525	JO62tg	7.040105	5	-15	0	6635	45	WSPR2	1327	758	v1.2.115
2026-06-21 21:56	KD3CCO	FN10cs	K8NVH	EN82lm	7.040096	5	-12	0	478	296	WSPR2	96	63	WD_3.2.3
2026-06-21 21:56	KD3CCO	FN10cs	KM0R	DM43eh	7.040098	5	-21	0	3094	265	WSPR2	619	248	WD_3.3.2-2
2026-06-21 21:56	KD3CCO	FN10cs	HB9VQQ/RE	JN47kh	7.0401	5	-9	0	6599	52	WSPR2	1320	981	WD_3.3.2-2
2026-06-21 21:56	KD3CCO	FN10cs	DG8MAR	JN67ks	7.040098	5	-10	0	6835	50	WSPR2	1367	976	v1.2.115
2026-06-21 21:56	KD3CCO	FN10cs	WA5SON	EM20cb	7.040125	5	-12	0	2013	239	WSPR2	403	265	2.7.0
2026-06-21 21:56	KD3CCO	FN10cs	SA6BSS/HL	JO68sc	7.040101	5	-12	0	6334	39	WSPR2	1267	833	SparkSDR
2026-06-21 21:56	KD3CCO	FN10cs	PI4THT	JO32kf	7.040103	5	-12	0	6226	47	WSPR2	1245	818	0.6
2026-06-21 21:56	KD3CCO	FN10cs	N5MCB	EM13pe	7.040099	5	-12	0	1875	249	WSPR2	375	246	web-888
2026-06-21 21:56	KD3CCO	FN10cs	WB7OND	FM05mc	7.040099	5	-6	0	638	190	WSPR2	128	106	2.6.1
2026-06-21 21:56	KD3CCO	FN10cs	AC1BC	FN42lh	7.040082	5	-24	0	587	71	WSPR2	117	37	1.4A Kiwi
2026-06-21 21:56	KD3CCO	FN10cs	M9PSY-2	IO86ha	7.040097	5	-14	0	5456	45	WSPR2	1091	655	UberSDR
2026-06-21 21:56	KD3CCO	FN10cs	N8HKU	EN82ee	7.040095	5	5	0	511	290	WSPR2	102	117	2.7.0
2026-06-21 21:56	KD3CCO	FN10cs	KB3CNS	FN00mt	7.040102	5	3	0	98	273	WSPR2	20	22	v1.2.116
2026-06-21 21:56	KD3CCO	FN10cs	KB8RCO	EN82cd	7.040099	5	5	0	523	289	WSPR2	105	120	2.6.1
2026-06-21 21:56	KD3CCO	FN10cs	WS3W	FM19ng	7.040096	5	-14	0	184	155	WSPR2	37	22	
2026-06-21 21:56	KD3CCO	FN10cs	DK8FT/A	JN58oe	7.040096	5	-15	0	6704	50	WSPR2	1341	766	RP125-14
2026-06-21 21:56	KD3CCO	FN10cs	GM0DHD	IO85gw	7.040098	5	-7	0	5453	46	WSPR2	1091	873	3.0.0-rc1
2026-06-21 21:56	KD3CCO	FN10cs	DJ9BS	JN39pr	7.0401	5	-11	0	6372	50	WSPR2	1274	874	v1.2.113
2026-06-21 21:56	KD3CCO	FN10cs	SP8MK	KO11kh	7.040098	5	-13	0	7231	43	WSPR2	1446	909	v1.2.114
2026-06-21 21:56	KD3CCO	FN10cs	WA1PER	FN31og	7.040101	5	-4	0	423	81	WSPR2	85	75	v1.2.114
2026-06-21 21:56	KD3CCO	FN10cs	KR4CSE	EM70de	7.0401	5	-7	0	1377	214	WSPR2	275	220	3.0.0
2026-06-21 21:56	KD3CCO	FN10cs	AJ4AV	EM73tw	7.040125	5	-17	0	956	219	WSPR2	191	98	v1.2.116
2026-06-21 21:56	KD3CCO	FN10cs	KE8MYP	EM79ti	7.040097	5	-3	0	582	256	WSPR2	116	106	3.0.1
2026-06-21 21:56	KD3CCO	FN10cs	G4LEN	IO81ut	7.040101	5	-2	0	5661	50	WSPR2	1132	1067	3.0.0
2026-06-21 21:56	KD3CCO	FN10cs	KD2KQM	FN30dq	7.040113	5	-4	0	344	90	WSPR2	69	61	v1.2.114
2026-06-21 21:56	KD3CCO	FN10cs	KF0OHU	EN35ic	7.040097	5	-7	0	1348	296	WSPR2	270	216	3.0.1
2026-06-21 21:56	KD3CCO	FN10cs	HA5GB	JN97ba	7.040136	5	-20	0	7214	48	WSPR2	1443	618	RP125-14
2026-06-21 21:56	KD3CCO	FN10cs	KK1D	FN31vi	7.040098	5	10	0	472	80	WSPR2	94	121	3.0.1
2026-06-21 21:56	KD3CCO	FN10cs	KC0KVR	EM48rp	7.040106	5	-11	0	1115	262	WSPR2	223	153	SparkSDR
2026-06-21 21:56	KD3CCO	FN10cs	K2DAK	DM33vq	7.040103	5	-23	0	3125	267	WSPR2	625	214	2.7.0
2026-06-21 21:56	KD3CCO	FN10cs	FN41RY	FN41ks	7.040104	5	-24	0	568	77	WSPR2	114	36	v1.2.117
2026-06-21 21:56	KD3CCO	FN10cs	VE3CUB	FN03bm	7.040099	5	-3	0	351	331	WSPR2	70	64	1.4A Kiwi
2026-06-21 21:56	KD3CCO	FN10cs	K2ZA	FM29lo	7.040099	5	-1	0	267	118	WSPR2	53	51	3.0.1
2026-06-21 21:56	KD3CCO	FN10cs	K2JY	EM40	7.04018	5	-18	0	1653	230	WSPR2	331	161	2.7.0
2026-06-21 21:56	KD3CCO	FN10cs	N1RB	EN81dj	7.040117	5	1	0	501	280	WSPR2	100	103	3.0.0
2026-06-21 21:56	KD3CCO	FN10cs	DK2DB	JN48fw	7.040099	5	-8	0	6487	50	WSPR2	1297	1001	3.0.0
2026-06-21 21:56	KD3CCO	FN10cs	KX1Q	FN42ij	7.040101	5	-14	0	570	69	WSPR2	114	68	2.7.0
2026-06-21 21:56	KD3CCO	FN10cs	DF8OE	JO42jr	7.040126	5	-20	0	6320	46	WSPR2	1264	542	
2026-06-21 21:56	KD3CCO	FN10cs	VE5CRL	DO62rc	7.040114	5	-10	0	2514	310	WSPR2	503	359	3.0.0
2026-06-21 21:56	KD3CCO	FN10cs	G0KTN	IO81ti	7.040106	5	-11	0	5673	51	WSPR2	1135	778	SparkSDR
2026-06-21 21:56	KD3CCO	FN10cs	DG7RJ	JN58th	7.040105	5	-6	0	6725	50	WSPR2	1345	1114	2.7.0
2026-06-21 21:56	KD3CCO	FN10cs	VA3VOR	FN14rl	7.040099	5	-23	0	425	14	WSPR2	85	29	1.4A Kiwi
2026-06-21 21:56	KD3CCO	FN10cs	K5QP	EM13sc	7.040074	5	-16	0	1860	249	WSPR2	372	202	2.6.1
2026-06-21 21:56	KD3CCO	FN10cs	KD2LZI	FN22vt	7.040207	5	11	0	374	51	WSPR2	75	99	
2026-06-21 21:56	KD3CCO	FN10cs	VE2SUS	FN35cl	7.040075	5	-16	0	616	30	WSPR2	123	67	v1.2.115
2026-06-21 21:56	KD3CCO	FN10cs	AE5AU	EM34rq	7.040099	5	-7	0	1460	247	WSPR2	292	234	SparkSDR
2026-06-21 21:56	KD3CCO	FN10cs	W0YSE	DN41ah	7.040097	5	-23	0	2847	283	WSPR2	569	195	3.0.0
2026-06-21 21:56	KD3CCO	FN10cs	AC0G/S	EM38ww	7.040098	5	-18	0	1239	265	WSPR2	248	120	WD_4.0
2026-06-21 21:56	KD3CCO	FN10cs	OZ7IT	JO65df	7.040105	5	-13	0	6405	42	WSPR2	1281	805	1.8.0
2026-06-21 21:56	KD3CCO	FN10cs	PT2FHC	GH64cg	7.040097	5	-24	0	7003	147	WSPR2	1401	440	UberSDR
2026-06-21 21:56	KD3CCO	FN10cs	DK0KK	JO30fk	7.040097	5	-11	0	6284	49	WSPR2	1257	862	UberSDR
2026-06-21 21:56	KD3CCO	FN10cs	DL4RU	JN69cr	7.0401	5	-11	0	6684	48	WSPR2	1337	917	2.6.1
2026-06-21 21:56	KD3CCO	FN10cs	N9AWU	EM69sm	7.040098	5	-4	0	749	262	WSPR2	150	133	web-888
2026-06-21 21:56	KD3CCO	FN10cs	KB3EDF	FM18rh	7.040123	5	4	0	294	158	WSPR2	59	66	SparkSDR
2026-06-21 21:56	KD3CCO	FN10cs	K1RA-4	FM18cr	7.0401	5	5	0	227	180	WSPR2	45	51	UberSDR
2026-06-21 21:56	KD3CCO	FN10cs	DK6UG	JN49cm	7.04011	5	-15	0	6441	50	WSPR2	1288	736	
2026-06-21 21:56	KD3CCO	FN10cs	VE2EBM	FN36lb	7.040098	5	4	0	702	31	WSPR2	140	156	web-888
2026-06-21 21:56	KD3CCO	FN10cs	OE3GBB	JN87aq	7.040097	5	-7	0	7042	49	WSPR2	1408	1126	UberSDR
2026-06-21 21:56	KD3CCO	FN10cs	N4SRN	FM26	7.040097	5	-8	0	534	153	WSPR2	107	83	3.0.2
2026-06-21 21:56	KD3CCO	FN10cs	W0ASW	EN34iw	7.040095	5	-9	0	1343	295	WSPR2	269	200	2.7.0-rc3
2026-06-21 21:56	KD3CCO	FN10cs	KR4DBJ	EM56ni	7.040098	5	-15	0	1080	247	WSPR2	216	123	3.1.0
2026-06-21 21:56	KD3CCO	FN10cs	KJ5MTR	EM10em	7.040098	5	-20	0	2116	244	WSPR2	423	181	3.0.0
2026-06-21 21:56	KD3CCO	FN10cs	WA0R	DM79qj	7.040104	5	-17	0	2279	275	WSPR2	456	235	2.2.2
2026-06-21 21:56	KD3CCO	FN10cs	K3GMQ	FN20lh	7.040097	5	3	0	238	101	WSPR2	48	52	UberSDR
2026-06-21 21:56	KD3CCO	FN10cs	K0RE	EN43	7.040091	5	-4	0	1132	290	WSPR2	226	200	2.6.1
2026-06-21 21:56	KD3CCO	FN10cs	AIRSDR	JN45rt	7.040152	5	-21	0	6719	53	WSPR2	1344	538	UberSDR
2026-06-21 21:56	KD3CCO	FN10cs	KC4AP	EL98pc	7.040097	5	-4	0	1433	192	WSPR2	287	254	web-888
2026-06-21 21:56	KD3CCO	FN10cs	KD4JG	EL98	7.040097	5	-4	0	1398	193	WSPR2	280	248	3.0.0
2026-06-21 21:56	KD3CCO	FN10cs	KC2KCL	FN30gu	7.040098	5	-15	0	365	87	WSPR2	73	42	web-888
2026-06-21 21:56	KD3CCO	FN10cs	KD9PAH	EN51wu	7.040096	5	-7	0	871	281	WSPR2	174	139	0.2r_wsprd
2026-06-21 21:56	KD3CCO	FN10cs	NB3A	FM18cr	7.040098	5	7	0	227	180	WSPR2	45	54	UberSDR
2026-06-21 21:56	KD3CCO	FN10cs	KC2FD	FN30lv	7.040097	5	12	0	400	86	WSPR2	80	107	UberSDR
2026-06-21 21:56	KD3CCO	FN10cs	K1JFJ	FM08eh	7.040099	5	9	0	315	210	WSPR2	63	79	UberSDR
2026-06-21 21:56	KD3CCO	FN10cs	K5JBT	EL29ds	7.04011	5	-20	0	2028	239	WSPR2	406	174	UberSDR
2026-06-21 21:56	KD3CCO	FN10cs	F4VTQ/U	JN28ux	7.040099	5	-15	0	6305	51	WSPR2	1261	721	UberSDR
2026-06-21 21:56	KD3CCO	FN10cs	VE4FEB	EN19lv	7.040097	5	-21	0	1806	311	WSPR2	361	144	3.0.1
2026-06-21 21:56	KD3CCO	FN10cs	NY4Q	EM84am	7.040098	5	-2	0	881	220	WSPR2	176	166	UberSDR
2026-06-21 21:56	KD3CCO	FN10cs	F5VBD	JN25xo	7.040138	5	-11	0	6492	55	WSPR2	1298	890	UberSDR
2026-06-21 21:56	KD3CCO	FN10cs	KD2M	EL87sg	7.040098	5	-7	0	1561	197	WSPR2	312	250	UberSDR
2026-06-21 21:56	KD3CCO	FN10cs	N2EPE	FN13fb	7.0401	5	10	0	256	5	WSPR2	51	66	UberSDR
2026-06-21 21:56	KD3CCO	FN10cs	N9EAT	EN41wt	7.04014	5	-8	0	1036	280	WSPR2	207	160	UberSDR
2026-06-21 21:56	KD3CCO	FN10cs	GM0UDL	IO77vo	7.040103	5	-19	0	5364	44	WSPR2	1073	491	UberSDR
2026-06-21 21:56	KD3CCO	FN10cs	VK6PVL	OF88bc	7.040101	5	-26	0	18429	304	WSPR2	3686	948	2.7.0
2026-06-21 21:56	KD3CCO	FN10cs	N4HAC	FM08xt	7.040098	5	-5	0	219	186	WSPR2	44	38	UberSDR
2026-06-21 21:56	KD3CCO	FN10cs	VA3ROM	EN58jk	7.040098	5	-10	0	1240	317	WSPR2	248	177	UberSDR
2026-06-21 21:56	KD3CCO	FN10cs	K3FEF	FN21mh	7.040098	5	16	0	245	75	WSPR2	49	71	UberSDR
2026-06-21 21:56	KD3CCO	FN10cs	SV1BTL	KM18va	7.040098	5	-20	0	8183	54	WSPR2	1637	702	UberSDR
2026-06-21 21:55	KD3CCO	FN10cs	KR4HCH	FM05qr	7.040106	5	2	0	565	188	WSPR2	113	119	iDigi 2.2.
2026-06-21 21:54	G4HSB	IO94ll	KD3CCO	FN10cs	7.040172	0.2	-15	0	5646	288	WSPR2	28230	16131	3.0.1
2026-06-21 21:54	KD2EIB	FM29	KD3CCO	FN10cs	7.040172	0.1	-9	0	274	302	WSPR2	2740	2035	3.0.1
2026-06-21 21:54	IU0JJD	JN61tp	KD3CCO	FN10cs	7.04016	0.2	-16	0	7246	303	WSPR2	36230	19668	3.0.1
2026-06-21 21:54	KB4ZVM	EM84	KD3CCO	FN10cs	7.040157	0.1	-16	0	838	32	WSPR2	8380	4549	3.0.1
2026-06-21 21:54	PA7D	JO23vf	KD3CCO	FN10cs	7.040137	0.2	-22	0	6114	293	WSPR2	30570	11355	3.0.1
2026-06-21 21:54	DL1FX	JN49gr	KD3CCO	FN10cs	7.040127	0.2	-25	0	6452	297	WSPR2	32260	9217	3.0.1
2026-06-21 21:54	KB3EDF	FM18rh	KD3CCO	FN10cs	7.04008	2	-12	0	294	339	WSPR2	147	97	3.0.1
2026-06-21 21:54	WW0WWV	DN70mq	KD3CCO	FN10cs	7.040052	1	-21	0	2280	81	WSPR2	2280	912	3.0.1
2026-06-21 21:54	N9VP	FM06bc	KD3CCO	FN10cs	7.040049	0.2	-17	0	550	19	WSPR2	2750	1414	3.0.1
2026-06-21 21:54	DK2DB	JN48fw	KD3CCO	FN10cs	7.04004	5	-16	0	6487	297	WSPR2	1297	704	3.0.1
2026-06-21 21:54	K3RWR	FM18qi	KD3CCO	FN10cs	7.040033	0.002	-27	0	287	340	WSPR2	143500	32800	3.0.1
2026-06-21 21:54	W8EDU	EN91em	KD3CCO	FN10cs	7.040025	0.2	-30	0	332	103	WSPR2	1660	237	3.0.1
2026-06-21 21:54	VE3XET	EN58	KD3CCO	FN10cs	7.04001	0.2	-19	1	1233	130	WSPR2	6165	2818	3.0.1
2026-06-21 21:54	WM4B	EM82em	KD3CCO	FN10cs	7.040003	0.2	-13	0	1054	28	WSPR2	5270	3313	3.0.1
2026-06-21 21:52	KD3CCO	FN10cs	N2OTO	EL96wi	7.040085	5	-10	0	1617	188	WSPR2	323	231	v1.2.117
2026-06-21 21:52	KD3CCO	FN10cs	W2NNN	FN20rq	7.04021	5	-1	0	274	91	WSPR2	55	53	CWSL_DIGI
2026-06-21 21:52	KD3CCO	FN10cs	K9IMM	EN52cv	7.040089	5	-3	0	1021	287	WSPR2	204	187	CWSL_DIGI
2026-06-21 21:52	KD3CCO	FN10cs	N3AGE-0	FN30hw	7.040098	5	6	0	372	86	WSPR2	74	87	WD_3.3.2-2
2026-06-21 21:52	KD3CCO	FN10cs	KV0S	EM38tv	7.040098	5	-15	0	1261	265	WSPR2	252	144	WD_3.3.2-2
2026-06-21 21:52	KD3CCO	FN10cs	G8AOE	IO94im	7.040097	5	-12	0	5629	47	WSPR2	1126	740	WD_3.3.2-2
2026-06-21 21:52	KD3CCO	FN10cs	AC0G	EM38ww	7.040098	5	-6	0	1239	265	WSPR2	248	205	WD_4.0
2026-06-21 21:52	KD3CCO	FN10cs	WZ7I	FN20kk	7.040094	5	-2	0	228	98	WSPR2	46	43	CWSL_DIGI
2026-06-21 21:52	KD3CCO	FN10cs	N8GA-1	EN80ee	7.040097	5	7	0	498	264	WSPR2	100	120	WD_3.3.2-1
2026-06-21 21:52	KD3CCO	FN10cs	K1RA	FM18cr	7.04013	5	1	0	227	180	WSPR2	45	46	CWSL_DIGI
2026-06-21 21:52	KD3CCO	FN10cs	VE6JY	DO33or	7.040098	5	-11	0	2967	311	WSPR2	593	407	web-888
2026-06-21 21:52	KD3CCO	FN10cs	N0QDS	EN35ga	7.040098	5	-3	0	1358	296	WSPR2	272	249	1.4A Kiwi
2026-06-21 21:52	KD3CCO	FN10cs	VE4KRK	EN19gu	7.040098	5	-16	0	1831	310	WSPR2	366	199	1.4A Kiwi
2026-06-21 21:52	KD3CCO	FN10cs	K5VW	DM72su	7.040097	5	-23	0	2520	258	WSPR2	504	173	web-888
2026-06-21 21:52	KD3CCO	FN10cs	W3MLM	DN70ln	7.040057	5	-20	0	2289	278	WSPR2	458	196	1.3 Kiwi
2026-06-21 21:52	KD3CCO	FN10cs	KD5QLM	EM13lb	7.040098	5	-15	0	1908	249	WSPR2	382	218	web-888
2026-06-21 21:52	KD3CCO	FN10cs	N5MCB	EM13pe	7.040099	5	-12	0	1875	249	WSPR2	375	246	web-888
2026-06-21 21:52	KD3CCO	FN10cs	N0GQ	DM79pi	7.040098	5	-23	0	2287	275	WSPR2	457	157	1.4A Kiwi
2026-06-21 21:52	KD3CCO	FN10cs	DN9DSF	JN59mu	7.040098	5	-12	0	6604	48	WSPR2	1321	868	web-888
2026-06-21 21:52	KD3CCO	FN10cs	K8NVH-K0	EN82lm	7.040107	5	-14	0	478	296	WSPR2	96	58	1.4A Kiwi
2026-06-21 21:52	KD3CCO	FN10cs	KB8VUC	EN72er	7.040166	5	-4	0	685	291	WSPR2	137	121	1.4A Kiwi
2026-06-21 21:52	KD3CCO	FN10cs	VA3ROM-1	EN58jk	7.040098	5	-6	0	1240	317	WSPR2	248	205	web-888
2026-06-21 21:52	KD3CCO	FN10cs	AI4FU-KIWI	EM86ca	7.040098	5	-16	0	743	227	WSPR2	149	81	1.4A Kiwi
2026-06-21 21:52	KD3CCO	FN10cs	WB8UFC	EM75ul	7.040115	5	-4	0	818	226	WSPR2	164	145	1.4A Kiwi
2026-06-21 21:52	KD3CCO	FN10cs	VE3CUB	FN03bm	7.040098	5	-7	0	351	331	WSPR2	70	56	1.4A Kiwi
2026-06-21 21:52	KD3CCO	FN10cs	KD4OKR	FM05on	7.040097	5	2	0	586	189	WSPR2	117	124	1.4A Kiwi
2026-06-21 21:52	KD3CCO	FN10cs	AC1BC	FN42lh	7.040083	5	-25	0	587	71	WSPR2	117	33	1.4A Kiwi
2026-06-21 21:52	KD3CCO	FN10cs	W4KEL	FM08rd	7.040099	5	18	0	299	193	WSPR2	60	91	1.4A Kiwi
2026-06-21 21:52	KD3CCO	FN10cs	WF4V	FM18jr	7.040099	5	1	0	232	167	WSPR2	46	47	1.4A Kiwi
2026-06-21 21:52	KD3CCO	FN10cs	N6IO	EM85sm	7.040098	5	-21	0	712	216	WSPR2	142	57	web-888
2026-06-21 21:52	KD3CCO	FN10cs	N9AWU	EM69sm	7.040098	5	-1	0	749	262	WSPR2	150	146	web-888
2026-06-21 21:52	KD3CCO	FN10cs	KM4MZA	EM78qe	7.040098	5	-14	0	653	246	WSPR2	131	79	1.4A Kiwi
2026-06-21 21:52	KD3CCO	FN10cs	W1DRF	FN31pr	7.040099	5	1	0	438	74	WSPR2	88	91	web-888
2026-06-21 21:52	KD3CCO	FN10cs	AF7KR	DM45dg	7.040099	5	-18	0	3014	269	WSPR2	603	293	WD_3.3.2-1
2026-06-21 21:52	KD3CCO	FN10cs	N6GN4	DN70ll	7.040097	5	-15	0	2291	278	WSPR2	458	262	WD_3.3.2-2
2026-06-21 21:52	KD3CCO	FN10cs	KD2CLR	FN13gb	7.040098	5	-3	0	256	6	WSPR2	51	47	WD_3.1.7
2026-06-21 21:52	KD3CCO	FN10cs	K9DZT	EN52wx	7.040098	5	-5	0	889	289	WSPR2	178	153	WD_3.3.2-2
2026-06-21 21:52	KD3CCO	FN10cs	K5MO	FM05	7.040098	5	2	0	598	191	WSPR2	120	127	WD_3.2.3
2026-06-21 21:52	KD3CCO	FN10cs	OE3GBB/Q	JN87aq	7.040097	5	-6	0	7042	49	WSPR2	1408	1167	WD_3.3.2-2
2026-06-21 21:52	KD3CCO	FN10cs	EA8BFK	IL38bo	7.0401	5	-7	0	5868	82	WSPR2	1174	939	WD_3.3.2-2
2026-06-21 21:52	KD3CCO	FN10cs	WD4ELG	FM06be	7.040098	5	-6	0	541	200	WSPR2	108	89	WD_3.3.2-2
2026-06-21 21:52	KD3CCO	FN10cs	KR8MER	EN71xa	7.040098	5	-20	0	526	275	WSPR2	105	45	v1.2.116
2026-06-21 21:52	KD3CCO	FN10cs	KD7EFG	DN31uo	7.040097	5	-15	0	2869	283	WSPR2	574	328	WD_3.3.2-2
2026-06-21 21:52	KD3CCO	FN10cs	KD7EFG-1	DN31uo	7.040097	5	-16	0	2869	283	WSPR2	574	312	WD_3.3.2-2
2026-06-21 21:52	KD3CCO	FN10cs	N3AGE-4	FN30hw	7.040098	5	5	0	372	86	WSPR2	74	85	WD_3.3.2-2
2026-06-21 21:52	KD3CCO	FN10cs	KD2OM	FN12gx	7.040097	5	14	0	247	6	WSPR2	49	69	WD_3.3.2-2
2026-06-21 21:52	KD3CCO	FN10cs	N4TTN	FM05pm	7.040098	5	-1	0	589	188	WSPR2	118	115	1.4A Kiwi
2026-06-21 21:52	KD3CCO	FN10cs	K6VZK	DM13nh	7.040097	5	-16	0	3536	269	WSPR2	707	384	WD_3.3.2-2
2026-06-21 21:52	KD3CCO	FN10cs	K1RA-PI	FM18cr	7.040099	5	2	0	227	180	WSPR2	45	48	DS_0.35.1
2026-06-21 21:52	KD3CCO	FN10cs	WA2TP	FN30lu	7.040098	5	15	0	400	87	WSPR2	80	114	WD_3.3.2-2
2026-06-21 21:52	KD3CCO	FN10cs	WA7LNW	DM37gd	7.040105	5	-17	0	3089	274	WSPR2	618	318	RP122-16
2026-06-21 21:52	KD3CCO	FN10cs	KW7MM	DM42mm	7.040104	5	-16	0	3077	263	WSPR2	615	334	CWSL_DIGI
2026-06-21 21:52	KD3CCO	FN10cs	K3LR	EN91se	7.040098	5	-2	0	229	283	WSPR2	46	43	WD_3.3.2-2
2026-06-21 21:52	KD3CCO	FN10cs	OE3GBB/P	JN87aq	7.040097	5	-6	0	7042	49	WSPR2	1408	1167	WD_3.3.2-2
2026-06-21 21:52	KD3CCO	FN10cs	N6GN5	DN70ll	7.040097	5	-11	0	2291	278	WSPR2	458	314	WD_3.3.2-2
2026-06-21 21:52	KD3CCO	FN10cs	K9TRV	EN82bi	7.040098	5	-4	0	536	291	WSPR2	107	95	WD_3.3.2-2
2026-06-21 21:52	KD3CCO	FN10cs	W0CWA/K	DN70kk	7.040097	5	-23	0	2298	278	WSPR2	460	158	WD_3.3.2-2
2026-06-21 21:52	KD3CCO	FN10cs	W1CK	DM13ie	7.040097	5	-22	0	3577	269	WSPR2	715	266	WD_3.3.2-2
2026-06-21 21:52	KD3CCO	FN10cs	N2YCH	FN31jg	7.040098	5	16	0	388	80	WSPR2	78	114	WD_3.3.2-2
2026-06-21 21:52	KD3CCO	FN10cs	K9TRV-4	EN82bi	7.040098	5	0	0	536	291	WSPR2	107	107	WD_3.3.2-2
2026-06-21 21:52	KD3CCO	FN10cs	KX4O	FM18cp	7.040119	5	10	0	236	180	WSPR2	47	60	WD_3.3.2-2
2026-06-21 21:52	KD3CCO	FN10cs	N1DQ-1	FN42hn	7.040098	5	-6	0	569	67	WSPR2	114	94	WD_3.3.2-2
2026-06-21 21:52	KD3CCO	FN10cs	N5TNL	EM25ui	7.040097	5	-11	0	1562	253	WSPR2	312	214	WD_3.3.2-2
2026-06-21 21:52	KD3CCO	FN10cs	W0WWV	DN70mq	7.040097	5	-14	0	2280	279	WSPR2	456	274	WD_3.3.2-2
2026-06-21 21:52	KD3CCO	FN10cs	KC2G	FN21wa	7.040098	5	1	0	309	84	WSPR2	62	64	WD_3.3.2-2
2026-06-21 21:52	KD3CCO	FN10cs	K9TRV-5	EN82bi	7.040098	5	2	0	536	291	WSPR2	107	113	WD_3.3.2-2
2026-06-21 21:52	KD3CCO	FN10cs	KD3ALD	FN21ni	7.040097	5	5	0	253	74	WSPR2	51	58	WD_3.3.2-1
2026-06-21 21:52	KD3CCO	FN10cs	KJ6MKI	CM88oi	7.040097	5	-21	0	3825	281	WSPR2	765	306	WD_3.3.2-2
2026-06-21 21:52	KD3CCO	FN10cs	AC0G/ND	EN16ov	7.040097	5	-13	0	1664	300	WSPR2	333	209	WD_3.3.2-2
2026-06-21 21:52	KD3CCO	FN10cs	KX4AZ/T	EN74gc	7.040097	5	10	0	730	303	WSPR2	146	188	WD_3.3.2-2
2026-06-21 21:52	KD3CCO	FN10cs	K9TRV-2	EN82bi	7.040099	5	1	0	536	291	WSPR2	107	110	WD_3.3.2-2
2026-06-21 21:52	KD3CCO	FN10cs	K8NVH	EN82lm	7.040096	5	-14	0	478	296	WSPR2	96	58	WD_3.2.3
2026-06-21 21:52	KD3CCO	FN10cs	N8GA	EN80ee	7.040098	5	-18	0	498	264	WSPR2	100	49	WD_3.3.2-1
2026-06-21 21:52	KD3CCO	FN10cs	W2NAF-2	FN21ei	7.040097	5	5	-1	193	70	WSPR2	39	45	WD_3.3.2-2
2026-06-21 21:52	KD3CCO	FN10cs	KM0R	DM43eh	7.040098	5	-21	0	3094	265	WSPR2	619	248	WD_3.3.2-2
2026-06-21 21:52	KD3CCO	FN10cs	N3AGE-2	FN30hw	7.040098	5	8	0	372	86	WSPR2	74	91	WD_3.3.2-2
2026-06-21 21:52	KD3CCO	FN10cs	KI4TWB/0	EM72hp	7.040106	5	-14	0	1127	219	WSPR2	225	135	2.8.0
2026-06-21 21:52	KD3CCO	FN10cs	K3DFD	FN20lb	7.040098	5	-8	0	246	108	WSPR2	49	38	WD_3.3.2-2
2026-06-21 21:52	KD3CCO	FN10cs	GM0DHD	IO85gw	7.040098	5	-5	0	5453	46	WSPR2	1091	935	3.0.0-rc1
2026-06-21 21:52	KD3CCO	FN10cs	WA5DJJ	DM62ph	7.040097	5	-26	0	2734	259	WSPR2	547	141	2.6.1
2026-06-21 21:52	KD3CCO	FN10cs	K0RE	EN43	7.040091	5	-9	0	1132	290	WSPR2	226	168	2.6.1
2026-06-21 21:52	KD3CCO	FN10cs	AJ4AV	EM73tw	7.040125	5	-11	0	956	219	WSPR2	191	131	v1.2.116
2026-06-21 21:52	KD3CCO	FN10cs	WB7OND	FM05mc	7.040099	5	-7	0	638	190	WSPR2	128	102	2.6.1
2026-06-21 21:52	KD3CCO	FN10cs	N4TVC/4	FM18is	7.040125	5	1	0	226	169	WSPR2	45	46	
2026-06-21 21:52	KD3CCO	FN10cs	FN41RY	FN41ks	7.040104	5	-24	0	568	77	WSPR2	114	36	v1.2.117
2026-06-21 21:52	KD3CCO	FN10cs	KB8RCO	EN82cd	7.040098	5	4	0	523	289	WSPR2	105	117	2.6.1
2026-06-21 21:52	KD3CCO	FN10cs	AE5AU	EM34rq	7.040099	5	-7	0	1460	247	WSPR2	292	234	SparkSDR
2026-06-21 21:52	KD3CCO	FN10cs	GM0UDL	IO77vo	7.040097	5	0	0	5364	44	WSPR2	1073	1073	UberSDR
2026-06-21 21:52	KD3CCO	FN10cs	N4JJS	FM05pn	7.040099	5	-25	0	585	188	WSPR2	117	33	1.4A Kiwi
2026-06-21 21:52	KD3CCO	FN10cs	WS3W	FM19ng	7.040096	5	-8	0	184	155	WSPR2	37	29	
2026-06-21 21:52	KD3CCO	FN10cs	G0AJZ	IO94lo	7.040097	5	-13	0	5642	47	WSPR2	1128	709	3.0.1
2026-06-21 21:52	KD3CCO	FN10cs	KB3CNS	FN00mt	7.040102	5	5	0	98	273	WSPR2	20	23	v1.2.116
2026-06-21 21:52	KD3CCO	FN10cs	KA3SKN	FM18kx	7.040099	5	-23	0	207	164	WSPR2	41	14	1.4A Kiwi
2026-06-21 21:52	KD3CCO	FN10cs	VE2SUS	FN35cl	7.040075	5	-17	0	616	30	WSPR2	123	63	v1.2.115
2026-06-21 21:52	KD3CCO	FN10cs	KD2LZI	FN22vt	7.040207	5	11	0	374	51	WSPR2	75	99	
2026-06-21 21:52	KD3CCO	FN10cs	WA1PER	FN31og	7.040101	5	-1	0	423	81	WSPR2	85	83	v1.2.114
2026-06-21 21:52	KD3CCO	FN10cs	KC0KVR	EM48rp	7.040106	5	-9	0	1115	262	WSPR2	223	166	SparkSDR
2026-06-21 21:52	KD3CCO	FN10cs	K2JY	EM40	7.04018	5	-19	0	1653	230	WSPR2	331	151	2.7.0
2026-06-21 21:52	KD3CCO	FN10cs	W0YSE	DN41ah	7.040097	5	-23	0	2847	283	WSPR2	569	195	3.0.0
2026-06-21 21:52	KD3CCO	FN10cs	KD2KQM	FN30dq	7.040113	5	-10	0	344	90	WSPR2	69	49	v1.2.114
2026-06-21 21:52	KD3CCO	FN10cs	OZ7IT	JO65df	7.040104	5	-8	0	6405	42	WSPR2	1281	988	1.8.0
2026-06-21 21:52	KD3CCO	FN10cs	OE3GBB	JN87aq	7.040097	5	-6	0	7042	49	WSPR2	1408	1167	UberSDR
2026-06-21 21:52	KD3CCO	FN10cs	K1RA-4	FM18cr	7.0401	5	3	0	227	180	WSPR2	45	49	UberSDR
2026-06-21 21:52	KD3CCO	FN10cs	N4SRN	FM26	7.040097	5	-17	0	534	153	WSPR2	107	55	3.0.2
2026-06-21 21:52	KD3CCO	FN10cs	WA0R	DM79qj	7.040103	5	-21	0	2279	275	WSPR2	456	182	2.2.2
2026-06-21 21:52	KD3CCO	FN10cs	AC0G/S	EM38ww	7.040098	5	-19	0	1239	265	WSPR2	248	113	WD_4.0
2026-06-21 21:52	KD3CCO	FN10cs	K3GMQ	FN20lh	7.040097	5	0	0	238	101	WSPR2	48	48	UberSDR
2026-06-21 21:52	KD3CCO	FN10cs	KD4JG	EL98	7.040097	5	-4	0	1398	193	WSPR2	280	248	3.0.0
2026-06-21 21:52	KD3CCO	FN10cs	K2AJM	FN42hu	7.040099	5	-22	0	580	64	WSPR2	116	43	3.0.2
2026-06-21 21:52	KD3CCO	FN10cs	KB3EDF	FM18rh	7.040123	5	7	0	294	158	WSPR2	59	71	SparkSDR
2026-06-21 21:52	KD3CCO	FN10cs	VE2EBM	FN36lb	7.040098	5	2	0	702	31	WSPR2	140	148	web-888
2026-06-21 21:52	KD3CCO	FN10cs	W4BLD	EL98gw	7.040109	5	-30	0	1357	195	WSPR2	271	39	2.2.159
2026-06-21 21:52	KD3CCO	FN10cs	NB3A	FM18cr	7.040098	5	5	0	227	180	WSPR2	45	51	UberSDR
2026-06-21 21:52	KD3CCO	FN10cs	K4AGR	EM71gc	7.040098	5	-8	0	1276	215	WSPR2	255	197	web-888
2026-06-21 21:52	KD3CCO	FN10cs	SWLWESTLEX	EM78	7.040099	5	-9	0	671	250	WSPR2	134	100	rtlsdr-056
2026-06-21 21:52	KD3CCO	FN10cs	KG5VWO	EM40oh	7.040104	5	-9	0	1650	229	WSPR2	330	245	web-888
2026-06-21 21:52	KD3CCO	FN10cs	KC2FD	FN30lv	7.040098	5	11	0	400	86	WSPR2	80	105	UberSDR
2026-06-21 21:52	KD3CCO	FN10cs	VA3ROM	EN58jk	7.040097	5	-6	0	1240	317	WSPR2	248	205	UberSDR
2026-06-21 21:52	KD3CCO	FN10cs	KE8MYP	EM79ti	7.040097	5	-3	0	582	256	WSPR2	116	106	3.0.1
2026-06-21 21:52	KD3CCO	FN10cs	KC2KCL	FN30gu	7.040098	5	-19	0	365	87	WSPR2	73	33	web-888
2026-06-21 21:52	KD3CCO	FN10cs	KJ5MTR	EM10em	7.040098	5	-20	0	2116	244	WSPR2	423	181	3.0.0
2026-06-21 21:52	KD3CCO	FN10cs	K1JFJ	FM08eh	7.040099	5	9	0	315	210	WSPR2	63	79	UberSDR
2026-06-21 21:52	KD3CCO	FN10cs	KW4TN	EM75vu	7.040108	5	-16	0	782	228	WSPR2	156	85	3.0.0
2026-06-21 21:52	KD3CCO	FN10cs	N2EPE	FN13fb	7.0401	5	10	0	256	5	WSPR2	51	66	UberSDR
2026-06-21 21:52	KD3CCO	FN10cs	N9BC	EN54xl	7.040098	5	-25	0	934	300	WSPR2	187	53	web-888
2026-06-21 21:52	KD3CCO	FN10cs	PT2FHC	GH64cg	7.040097	5	-24	0	7003	147	WSPR2	1401	440	UberSDR
2026-06-21 21:52	KD3CCO	FN10cs	NY4Q	EM84am	7.040098	5	-4	0	881	220	WSPR2	176	156	UberSDR
2026-06-21 21:52	KD3CCO	FN10cs	N9EAT	EN41wt	7.04014	5	-8	0	1036	280	WSPR2	207	160	UberSDR
2026-06-21 21:52	KD3CCO	FN10cs	K5QP	EM13sc	7.040074	5	-16	0	1860	249	WSPR2	372	202	2.6.1
2026-06-21 21:52	KD3CCO	FN10cs	KD2M	EL87sg	7.040098	5	-4	0	1561	197	WSPR2	312	276	UberSDR
2026-06-21 21:52	KD3CCO	FN10cs	K5JBT	EL29ds	7.04011	5	-20	0	2028	239	WSPR2	406	174	UberSDR
2026-06-21 21:52	KD3CCO	FN10cs	N4HAC	FM08xt	7.040098	5	-5	0	219	186	WSPR2	44	38	UberSDR
2026-06-21 21:52	KD3CCO	FN10cs	VK6PVL	OF88bc	7.040101	5	-26	0	18429	304	WSPR2	3686	948	2.7.0
2026-06-21 21:52	KD3CCO	FN10cs	K3FEF	FN21mh	7.040098	5	13	0	245	75	WSPR2	49	67	UberSDR
2026-06-21 21:51	KD3CCO	FN10cs	KR4HCH	FM05qr	7.040105	5	4	0	565	188	WSPR2	113	126	iDigi 2.2.
2026-06-21 21:50	VE1BLL	FN84et	KD3CCO	FN10cs	7.040176	0.2	-25	0	1238	254	WSPR2	6190	1769	3.0.1
2026-06-21 21:50	KD8ZWI	EN80	KD3CCO	FN10cs	7.040129	0.2	-21	-1	444	84	WSPR2	2220	888	3.0.1
2026-06-21 21:50	N9VP	FM06bc	KD3CCO	FN10cs	7.040106	0.2	-13	0	550	19	WSPR2	2750	1729	3.0.1
2026-06-21 21:50	KD2EIB	FM29	KD3CCO	FN10cs	7.040101	0.1	-5	0	274	302	WSPR2	2740	2349	3.0.1
2026-06-21 21:50	N8SAN	EN82	KD3CCO	FN10cs	7.040098	0.2	-4	0	476	112	WSPR2	2380	2108	3.0.1
2026-06-21 21:50	W8JHW	EN82	KD3CCO	FN10cs	7.040071	0.2	-20	0	476	112	WSPR2	2380	1020	3.0.1
2026-06-21 21:50	KB3VR	FM19la	KD3CCO	FN10cs	7.040054	0.2	-6	0	205	342	WSPR2	1025	849	3.0.1
2026-06-21 21:50	WA2KQD	FM19lb	KD3CCO	FN10cs	7.040041	5	-4	0	200	342	WSPR2	40	35	3.0.1
2026-06-21 21:50	K3NUQ	FM09th	KD3CCO	FN10cs	7.040028	0.2	-26	0	170	17	WSPR2	850	219	3.0.1
2026-06-21 21:48	KD3CCO	FN10cs	N2OTO	EL96wi	7.040085	5	-7	0	1617	188	WSPR2	323	258	v1.2.117
2026-06-21 21:48	KD3CCO	FN10cs	K9IMM	EN52cv	7.040088	5	-4	0	1021	287	WSPR2	204	181	CWSL_DIGI
2026-06-21 21:48	KD3CCO	FN10cs	N3AGE-0	FN30hw	7.040098	5	6	0	372	86	WSPR2	74	87	WD_3.3.2-2
2026-06-21 21:48	KD3CCO	FN10cs	KV0S	EM38tv	7.040098	5	-16	0	1261	265	WSPR2	252	137	WD_3.3.2-2
2026-06-21 21:48	KD3CCO	FN10cs	AC0G	EM38ww	7.040098	5	-7	0	1239	265	WSPR2	248	198	WD_4.0
2026-06-21 21:48	KD3CCO	FN10cs	N8GA-1	EN80ee	7.040098	5	7	0	498	264	WSPR2	100	120	WD_3.3.2-1
2026-06-21 21:48	KD3CCO	FN10cs	N0QDS	EN35ga	7.040098	5	-5	0	1358	296	WSPR2	272	233	1.4A Kiwi
2026-06-21 21:48	KD3CCO	FN10cs	N4TTN	FM05pm	7.040098	5	7	0	589	188	WSPR2	118	142	1.4A Kiwi
2026-06-21 21:48	KD3CCO	FN10cs	VE6JY	DO33or	7.040098	5	-11	0	2967	311	WSPR2	593	407	web-888
2026-06-21 21:48	KD3CCO	FN10cs	VE4KRK	EN19gu	7.040098	5	-14	0	1831	310	WSPR2	366	220	1.4A Kiwi
2026-06-21 21:48	KD3CCO	FN10cs	WF4V	FM18jr	7.040098	5	2	0	232	167	WSPR2	46	49	1.4A Kiwi
2026-06-21 21:48	KD3CCO	FN10cs	W4KEL	FM08rd	7.040098	5	20	0	299	193	WSPR2	60	94	1.4A Kiwi
2026-06-21 21:48	KD3CCO	FN10cs	KD4OKR	FM05on	7.040097	5	6	0	586	189	WSPR2	117	137	1.4A Kiwi
2026-06-21 21:48	KD3CCO	FN10cs	AI4FU-KIWI	EM86ca	7.040098	5	-17	0	743	227	WSPR2	149	77	1.4A Kiwi
2026-06-21 21:48	KD3CCO	FN10cs	N9AWU	EM69sm	7.040098	5	11	0	749	262	WSPR2	150	197	web-888
2026-06-21 21:48	KD3CCO	FN10cs	VA3ROM-1	EN58jk	7.040098	5	-10	0	1240	317	WSPR2	248	177	web-888
2026-06-21 21:48	KD3CCO	FN10cs	W1DRF	FN31pr	7.040098	5	10	0	438	74	WSPR2	88	113	web-888
2026-06-21 21:48	KD3CCO	FN10cs	KC4AP	EL98pc	7.040097	5	-2	0	1433	192	WSPR2	287	271	web-888
2026-06-21 21:48	KD3CCO	FN10cs	WD4ELG	FM06be	7.040098	5	-6	0	541	200	WSPR2	108	89	WD_3.3.2-2
2026-06-21 21:48	KD3CCO	FN10cs	WZ7I	FN20kk	7.040095	5	0	0	228	98	WSPR2	46	46	CWSL_DIGI
2026-06-21 21:48	KD3CCO	FN10cs	K9DZT	EN52wx	7.040098	5	-9	0	889	289	WSPR2	178	132	WD_3.3.2-2
2026-06-21 21:48	KD3CCO	FN10cs	N6GN4	DN70ll	7.040097	5	-11	0	2291	278	WSPR2	458	314	WD_3.3.2-2
2026-06-21 21:48	KD3CCO	FN10cs	KW7MM	DM42mm	7.040104	5	-15	0	3077	263	WSPR2	615	351	CWSL_DIGI
2026-06-21 21:48	KD3CCO	FN10cs	K5MO	FM05	7.040098	5	7	0	598	191	WSPR2	120	144	WD_3.2.3
2026-06-21 21:48	KD3CCO	FN10cs	KD7EFG	DN31uo	7.040097	5	-14	0	2869	283	WSPR2	574	344	WD_3.3.2-2
2026-06-21 21:48	KD3CCO	FN10cs	KD7EFG-1	DN31uo	7.040097	5	-16	0	2869	283	WSPR2	574	312	WD_3.3.2-2
2026-06-21 21:48	KD3CCO	FN10cs	AF7KR	DM45dg	7.040099	5	-15	0	3014	269	WSPR2	603	345	WD_3.3.2-1
2026-06-21 21:48	KD3CCO	FN10cs	G4ZFQ	IO90ir	7.040097	5	-3	0	5768	51	WSPR2	1154	1055	WD_3.3.2-2
2026-06-21 21:48	KD3CCO	FN10cs	K1RA-PI	FM18cr	7.040098	5	5	0	227	180	WSPR2	45	51	DS_0.35.1
2026-06-21 21:48	KD3CCO	FN10cs	N3AGE-4	FN30hw	7.040098	5	6	0	372	86	WSPR2	74	87	WD_3.3.2-2
2026-06-21 21:48	KD3CCO	FN10cs	KD2CLR	FN13gb	7.040097	5	0	0	256	6	WSPR2	51	51	WD_3.1.7
2026-06-21 21:48	KD3CCO	FN10cs	PLANB/SWL	IO91en	7.040097	5	-20	0	5714	51	WSPR2	1143	490	WD_3.3.2-2
2026-06-21 21:48	KD3CCO	FN10cs	OE3GBB/Q	JN87aq	7.040097	5	5	0	7042	49	WSPR2	1408	1609	WD_3.3.2-2
2026-06-21 21:48	KD3CCO	FN10cs	EA8BFK	IL38bo	7.040099	5	-4	0	5868	82	WSPR2	1174	1040	WD_3.3.2-2
2026-06-21 21:48	KD3CCO	FN10cs	K8NVH-K0	EN82lm	7.040107	5	-13	0	478	296	WSPR2	96	60	1.4A Kiwi
2026-06-21 21:48	KD3CCO	FN10cs	KD2OM	FN12gx	7.040097	5	9	0	247	6	WSPR2	49	62	WD_3.3.2-2
2026-06-21 21:48	KD3CCO	FN10cs	WA2TP	FN30lu	7.040098	5	14	0	400	87	WSPR2	80	112	WD_3.3.2-2
2026-06-21 21:48	KD3CCO	FN10cs	KD3ALD	FN21ni	7.040097	5	3	0	253	74	WSPR2	51	55	WD_3.3.2-1
2026-06-21 21:48	KD3CCO	FN10cs	K1RA	FM18cr	7.04013	5	6	0	227	180	WSPR2	45	53	CWSL_DIGI
2026-06-21 21:48	KD3CCO	FN10cs	K3LR	EN91se	7.040098	5	-1	0	229	283	WSPR2	46	45	WD_3.3.2-2
2026-06-21 21:48	KD3CCO	FN10cs	K6VZK	DM13nh	7.040097	5	-16	0	3536	269	WSPR2	707	384	WD_3.3.2-2
2026-06-21 21:48	KD3CCO	FN10cs	K9TRV-4	EN82bi	7.040098	5	5	0	536	291	WSPR2	107	122	WD_3.3.2-2
2026-06-21 21:48	KD3CCO	FN10cs	N1DQ-1	FN42hn	7.040098	5	-7	0	569	67	WSPR2	114	91	WD_3.3.2-2
2026-06-21 21:48	KD3CCO	FN10cs	G4HZX	IO91xk	7.040097	5	6	0	5821	50	WSPR2	1164	1364	WD_3.3.2-2
2026-06-21 21:48	KD3CCO	FN10cs	W0CWA/K	DN70kk	7.040097	5	-23	0	2298	278	WSPR2	460	158	WD_3.3.2-2
2026-06-21 21:48	KD3CCO	FN10cs	K9TRV-5	EN82bi	7.040098	5	5	0	536	291	WSPR2	107	122	WD_3.3.2-2
2026-06-21 21:48	KD3CCO	FN10cs	OE3GBB/P	JN87aq	7.040097	5	-8	0	7042	49	WSPR2	1408	1086	WD_3.3.2-2
2026-06-21 21:48	KD3CCO	FN10cs	KX4O	FM18cp	7.040119	5	14	0	236	180	WSPR2	47	66	WD_3.3.2-2
2026-06-21 21:48	KD3CCO	FN10cs	N5TNL	EM25ui	7.040097	5	-9	0	1562	253	WSPR2	312	232	WD_3.3.2-2
2026-06-21 21:48	KD3CCO	FN10cs	K9TRV-2	EN82bi	7.040099	5	5	0	536	291	WSPR2	107	122	WD_3.3.2-2
2026-06-21 21:48	KD3CCO	FN10cs	WA7LNW	DM37gd	7.040105	5	-16	0	3089	274	WSPR2	618	335	RP122-16
2026-06-21 21:48	KD3CCO	FN10cs	K9TRV	EN82bi	7.040098	5	1	0	536	291	WSPR2	107	110	WD_3.3.2-2
2026-06-21 21:48	KD3CCO	FN10cs	W2NAF-2	FN21ei	7.040098	5	-3	0	193	70	WSPR2	39	36	WD_3.3.2-2
2026-06-21 21:48	KD3CCO	FN10cs	KR8MER	EN71xa	7.040099	5	-19	0	526	275	WSPR2	105	48	v1.2.116
2026-06-21 21:48	KD3CCO	FN10cs	KC2G	FN21wa	7.040098	5	-1	0	309	84	WSPR2	62	60	WD_3.3.2-2
2026-06-21 21:48	KD3CCO	FN10cs	G8AOE	IO94im	7.040097	5	-12	0	5629	47	WSPR2	1126	740	WD_3.3.2-2
2026-06-21 21:48	KD3CCO	FN10cs	AC0G/ND	EN16ov	7.040098	5	-14	0	1664	300	WSPR2	333	200	WD_3.3.2-2
2026-06-21 21:48	KD3CCO	FN10cs	N3AGE-2	FN30hw	7.040098	5	11	0	372	86	WSPR2	74	97	WD_3.3.2-2
2026-06-21 21:48	KD3CCO	FN10cs	KX4AZ/T	EN74gc	7.040097	5	8	0	730	303	WSPR2	146	179	WD_3.3.2-2
2026-06-21 21:48	KD3CCO	FN10cs	N4TVC/4	FM18is	7.040125	5	1	0	226	169	WSPR2	45	46	
2026-06-21 21:48	KD3CCO	FN10cs	W0WWV	DN70mq	7.040097	5	-12	0	2280	279	WSPR2	456	300	WD_3.3.2-2
2026-06-21 21:48	KD3CCO	FN10cs	N8GA	EN80ee	7.040098	5	-17	0	498	264	WSPR2	100	51	WD_3.3.2-1
2026-06-21 21:48	KD3CCO	FN10cs	N2YCH	FN31jg	7.040098	5	14	0	388	80	WSPR2	78	109	WD_3.3.2-2
2026-06-21 21:48	KD3CCO	FN10cs	N6GN5	DN70ll	7.040097	5	-9	0	2291	278	WSPR2	458	340	WD_3.3.2-2
2026-06-21 21:48	KD3CCO	FN10cs	K3DFD	FN20lb	7.040098	5	-7	0	246	108	WSPR2	49	39	WD_3.3.2-2
2026-06-21 21:48	KD3CCO	FN10cs	K4JAH	FM05ps	7.040098	5	-29	0	562	188	WSPR2	112	19	web-888
2026-06-21 21:48	KD3CCO	FN10cs	GM0DHD	IO85gw	7.040098	5	-2	0	5453	46	WSPR2	1091	1029	3.0.0-rc1
2026-06-21 21:48	KD3CCO	FN10cs	WS3W	FM19ng	7.040096	5	-7	0	184	155	WSPR2	37	30	
2026-06-21 21:48	KD3CCO	FN10cs	WB7OND	FM05mc	7.040099	5	-10	0	638	190	WSPR2	128	91	2.6.1
2026-06-21 21:48	KD3CCO	FN10cs	KA3SKN	FM18kx	7.040098	5	-25	0	207	164	WSPR2	41	12	1.4A Kiwi
2026-06-21 21:48	KD3CCO	FN10cs	N4JJS	FM05pn	7.040098	5	-24	0	585	188	WSPR2	117	37	1.4A Kiwi
2026-06-21 21:48	KD3CCO	FN10cs	GM0UDL	IO77vo	7.040097	5	-1	0	5364	44	WSPR2	1073	1042	UberSDR
2026-06-21 21:48	KD3CCO	FN10cs	AC1BC	FN42lh	7.040083	5	-24	0	587	71	WSPR2	117	37	1.4A Kiwi
2026-06-21 21:48	KD3CCO	FN10cs	FN41RY	FN41ks	7.040105	5	-14	0	568	77	WSPR2	114	68	v1.2.117
2026-06-21 21:48	KD3CCO	FN10cs	KD4JG	EL98	7.040097	5	-4	0	1398	193	WSPR2	280	248	3.0.0
2026-06-21 21:48	KD3CCO	FN10cs	AJ4AV	EM73tw	7.040125	5	-17	0	956	219	WSPR2	191	98	v1.2.116
2026-06-21 21:48	KD3CCO	FN10cs	K5QP	EM13sc	7.040074	5	-16	0	1860	249	WSPR2	372	202	2.6.1
2026-06-21 21:48	KD3CCO	FN10cs	KD2KQM	FN30dq	7.040113	5	-11	0	344	90	WSPR2	69	47	v1.2.114
2026-06-21 21:48	KD3CCO	FN10cs	VE2SUS	FN35cl	7.040075	5	-13	0	616	30	WSPR2	123	77	v1.2.115
2026-06-21 21:48	KD3CCO	FN10cs	VA3VF	FN25	7.0401	5	-3	0	569	22	WSPR2	114	104	3.0.2
2026-06-21 21:48	KD3CCO	FN10cs	WA0R	DM79qj	7.040103	5	-18	0	2279	275	WSPR2	456	221	2.2.2
2026-06-21 21:48	KD3CCO	FN10cs	KC0KVR	EM48rp	7.040106	5	-10	0	1115	262	WSPR2	223	159	SparkSDR
2026-06-21 21:48	KD3CCO	FN10cs	KB8VUC	EN72er	7.040165	5	-24	0	685	291	WSPR2	137	43	1.4A Kiwi
2026-06-21 21:48	KD3CCO	FN10cs	WA1PER	FN31og	7.040101	5	-1	0	423	81	WSPR2	85	83	v1.2.114
2026-06-21 21:48	KD3CCO	FN10cs	KJ5MTR	EM10em	7.040097	5	-21	0	2116	244	WSPR2	423	169	3.0.0
2026-06-21 21:48	KD3CCO	FN10cs	AC0G/S	EM38ww	7.040098	5	-18	0	1239	265	WSPR2	248	120	WD_4.0
2026-06-21 21:48	KD3CCO	FN10cs	K0RE	EN43	7.040091	5	-7	0	1132	290	WSPR2	226	181	2.6.1
2026-06-21 21:48	KD3CCO	FN10cs	KX1Q	FN42ij	7.040101	5	-14	0	570	69	WSPR2	114	68	2.7.0
2026-06-21 21:48	KD3CCO	FN10cs	WB8UFC	EM75ul	7.040115	5	-4	0	818	226	WSPR2	164	145	1.4A Kiwi
2026-06-21 21:48	KD3CCO	FN10cs	KB3CNS	FN00mt	7.040101	5	7	0	98	273	WSPR2	20	24	v1.2.116
2026-06-21 21:48	KD3CCO	FN10cs	N1RB	EN81dj	7.040117	5	2	0	501	280	WSPR2	100	106	3.0.0
2026-06-21 21:48	KD3CCO	FN10cs	W4BLD	EL98gw	7.040109	5	-29	0	1357	195	WSPR2	271	46	2.2.159
2026-06-21 21:48	KD3CCO	FN10cs	KA2ZOH	FN12tj	7.040103	5	5	0	216	33	WSPR2	43	49	hjswspr-0.
2026-06-21 21:48	KD3CCO	FN10cs	K1RA-4	FM18cr	7.0401	5	6	0	227	180	WSPR2	45	53	UberSDR
2026-06-21 21:48	KD3CCO	FN10cs	N4SRN	FM26	7.040097	5	-11	0	534	153	WSPR2	107	73	3.0.2
2026-06-21 21:48	KD3CCO	FN10cs	VE3CUB	FN03bm	7.040098	5	-33	0	351	331	WSPR2	70	4	1.4A Kiwi
2026-06-21 21:48	KD3CCO	FN10cs	AE5AU	EM34rq	7.040099	5	-6	0	1460	247	WSPR2	292	242	SparkSDR
2026-06-21 21:48	KD3CCO	FN10cs	PT2FHC	GH64cg	7.040097	5	-24	0	7003	147	WSPR2	1401	440	UberSDR
2026-06-21 21:48	KD3CCO	FN10cs	KD5QLM	EM13lb	7.040098	5	-12	0	1908	249	WSPR2	382	251	web-888
2026-06-21 21:48	KD3CCO	FN10cs	VE2EBM	FN36lb	7.040098	5	8	0	702	31	WSPR2	140	172	web-888
2026-06-21 21:48	KD3CCO	FN10cs	KB0WJQ	EN35ed	7.040096	5	-11	0	1374	296	WSPR2	275	189	3.0.0
2026-06-21 21:48	KD3CCO	FN10cs	K3GMQ	FN20lh	7.040098	5	6	0	238	101	WSPR2	48	56	UberSDR
2026-06-21 21:48	KD3CCO	FN10cs	KB3EDF	FM18rh	7.040122	5	8	0	294	158	WSPR2	59	72	SparkSDR
2026-06-21 21:48	KD3CCO	FN10cs	KD2LZI	FN22vt	7.040208	5	15	0	374	51	WSPR2	75	107	
2026-06-21 21:48	KD3CCO	FN10cs	KD9PAH	EN51wu	7.040096	5	-6	0	871	281	WSPR2	174	144	0.2r_wsprd
2026-06-21 21:48	KD3CCO	FN10cs	LU8MIL	FF57	7.040098	5	-24	0	8199	172	WSPR2	1640	515	web-888
2026-06-21 21:48	KD3CCO	FN10cs	K4AGR	EM71gc	7.040098	5	-6	0	1276	215	WSPR2	255	211	web-888
2026-06-21 21:48	KD3CCO	FN10cs	KC2FD	FN30lv	7.040098	5	9	0	400	86	WSPR2	80	101	UberSDR
2026-06-21 21:48	KD3CCO	FN10cs	W0YSE	DN41ah	7.040097	5	-19	0	2847	283	WSPR2	569	260	3.0.0
2026-06-21 21:48	KD3CCO	FN10cs	N6IO	EM85sm	7.040098	5	-22	0	712	216	WSPR2	142	53	web-888
2026-06-21 21:48	KD3CCO	FN10cs	KC2KCL	FN30gu	7.040098	5	-19	0	365	87	WSPR2	73	33	web-888
2026-06-21 21:48	KD3CCO	FN10cs	NB3A	FM18cr	7.040098	5	9	0	227	180	WSPR2	45	57	UberSDR
2026-06-21 21:48	KD3CCO	FN10cs	N9BC	EN54xl	7.040098	5	-25	0	934	300	WSPR2	187	53	web-888
2026-06-21 21:48	KD3CCO	FN10cs	VA3ROM	EN58jk	7.040097	5	-9	0	1240	317	WSPR2	248	184	UberSDR
2026-06-21 21:48	KD3CCO	FN10cs	VK6PVL	OF88bc	7.040101	5	-24	0	18429	304	WSPR2	3686	1158	2.7.0
2026-06-21 21:48	KD3CCO	FN10cs	K1JFJ	FM08eh	7.040098	5	10	0	315	210	WSPR2	63	81	UberSDR
2026-06-21 21:48	KD3CCO	FN10cs	N2EPE	FN13fb	7.0401	5	9	0	256	5	WSPR2	51	64	UberSDR
2026-06-21 21:48	KD3CCO	FN10cs	N9EAT	EN41wt	7.04014	5	-7	0	1036	280	WSPR2	207	166	UberSDR
2026-06-21 21:48	KD3CCO	FN10cs	KD2M	EL87sg	7.040098	5	-7	0	1561	197	WSPR2	312	250	UberSDR
2026-06-21 21:48	KD3CCO	FN10cs	K5JBT	EL29ds	7.04011	5	-21	0	2028	239	WSPR2	406	162	UberSDR
2026-06-21 21:48	KD3CCO	FN10cs	N4HAC	FM08xt	7.040098	5	-11	0	219	186	WSPR2	44	30	UberSDR
2026-06-21 21:48	KD3CCO	FN10cs	NY4Q	EM84am	7.040098	5	-6	0	881	220	WSPR2	176	146	UberSDR
2026-06-21 21:48	KD3CCO	FN10cs	K3FEF	FN21mh	7.040098	5	8	0	245	75	WSPR2	49	60	UberSDR
2026-06-21 21:47	KD3CCO	FN10cs	KR4HCH	FM05qr	7.040105	5	3	0	565	188	WSPR2	113	123	iDigi 2.2.
2026-06-21 21:46	KB4W	EM96	KD3CCO	FN10cs	7.040188	0.2	-12	0	554	30	WSPR2	2770	1820	3.0.1
2026-06-21 21:46	K7GXB	DM34sn	KD3CCO	FN10cs	7.040187	20	-19	0	3107	67	WSPR2	155	71	3.0.1
2026-06-21 21:46	N0NKL	EN47	KD3CCO	FN10cs	7.040184	0.2	-13	0	1291	120	WSPR2	6455	4057	3.0.1
2026-06-21 21:46	VE4GIL	EN19kt	KD3CCO	FN10cs	7.040177	0.2	-20	0	1808	116	WSPR2	9040	3874	3.0.1
2026-06-21 21:46	N3CX	FN11	KD3CCO	FN10cs	7.040167	0.2	-14	0	101	219	WSPR2	505	303	3.0.1
2026-06-21 21:46	K3WRG	FM28	KD3CCO	FN10cs	7.040161	0.2	-14	0	347	318	WSPR2	1735	1041	3.0.1
2026-06-21 21:46	WF9E	EN50	KD3CCO	FN10cs	7.040155	0.2	-14	0	949	84	WSPR2	4745	2847	3.0.1
2026-06-21 21:46	KD2EIB	FM29	KD3CCO	FN10cs	7.040145	0.1	-8	-1	274	302	WSPR2	2740	2114	3.0.1
2026-06-21 21:46	N9VP	FM06bc	KD3CCO	FN10cs	7.04014	0.2	-16	0	550	19	WSPR2	2750	1493	3.0.1
2026-06-21 21:46	KC3CFT	FN00	KD3CCO	FN10cs	7.040135	0.2	-15	0	110	73	WSPR2	550	314	3.0.1
2026-06-21 21:46	KF0SCE	EN42	KD3CCO	FN10cs	7.040125	0.2	-20	0	1116	95	WSPR2	5580	2391	3.0.1
2026-06-21 21:46	W0NKA	EN35na	KD3CCO	FN10cs	7.040117	0.2	-18	0	1314	106	WSPR2	6570	3191	3.0.1
2026-06-21 21:46	N4JJS	FM05pn	KD3CCO	FN10cs	7.040115	0.2	-3	0	585	8	WSPR2	2925	2674	3.0.1
2026-06-21 21:46	W1CLM	EN50uc	KD3CCO	FN10cs	7.040097	5	-10	0	891	82	WSPR2	178	127	3.0.1
2026-06-21 21:46	N4SRN	FN42	KD3CCO	FN10cs	7.040093	0.2	-1	0	592	254	WSPR2	2960	2875	3.0.1
2026-06-21 21:46	W4EO	FM29	KD3CCO	FN10cs	7.04009	0.1	1	0	274	302	WSPR2	2740	2818	3.0.1
2026-06-21 21:46	K3FZ	FN30kx	KD3CCO	FN10cs	7.040075	10	-1	0	393	268	WSPR2	39	38	3.0.1
2026-06-21 21:46	WF1L/B	FM29fc	KD3CCO	FN10cs	7.040067	0.2	-14	0	267	315	WSPR2	1335	801	3.0.1
2026-06-21 21:46	WW0WWV	DN70mq	KD3CCO	FN10cs	7.040052	1	-19	0	2280	81	WSPR2	2280	1042	3.0.1
2026-06-21 21:46	KA3SKN	FM18kx	KD3CCO	FN10cs	7.040025	0.2	-9	0	207	344	WSPR2	1035	769	3.0.1
2026-06-21 21:46	W9VW	EM79dt	KD3CCO	FN10cs	7.040022	0.2	-8	0	680	78	WSPR2	3400	2623	3.0.1
2026-06-21 21:46	VE9XYZ	FN75	KD3CCO	FN10cs	7.040013	0.2	-15	0	1158	248	WSPR2	5790	3309	3.0.1
2026-06-21 21:44	VE4GIL	EN19kt	KD3CCO	FN10cs	7.040177	0.2	-22	0	1808	116	WSPR2	9040	3358	3.0.1
2026-06-21 21:44	N9VP	FM06bc	KD3CCO	FN10cs	7.040156	0.2	-13	0	550	19	WSPR2	2750	1729	3.0.1
2026-06-21 21:44	AA1QR	FN43ce	KD3CCO	FN10cs	7.040156	0.2	-18	0	564	244	WSPR2	2820	1370	3.0.1
2026-06-21 21:44	KI7DX	DN40cq	KD3CCO	FN10cs	7.040146	2	-23	0	2847	79	WSPR2	1424	488	3.0.1
2026-06-21 21:44	W2RCL	FM19	KD3CCO	FN10cs	7.040132	0.2	-1	0	157	336	WSPR2	785	763	3.0.1
2026-06-21 21:44	KD2EIB	FM29	KD3CCO	FN10cs	7.040128	0.1	-5	0	274	302	WSPR2	2740	2349	3.0.1
2026-06-21 21:44	WB4HIR	EM96	KD3CCO	FN10cs	7.040062	1	-30	-1	554	30	WSPR2	554	79	3.0.1
2026-06-21 21:44	WW0WWV	DN70mq	KD3CCO	FN10cs	7.040052	1	-17	0	2280	81	WSPR2	2280	1173	3.0.1
2026-06-21 21:44	KD2CLR	FN13gb	KD3CCO	FN10cs	7.040045	0.2	-24	0	256	186	WSPR2	1280	402	3.0.1
2026-06-21 21:44	IU0JJD	JN61tp	KD3CCO	FN10cs	7.040027	0.2	-16	0	7246	303	WSPR2	36230	19668	3.0.1
2026-06-21 21:44	G4HSB	IO94ll	KD3CCO	FN10cs	7.040011	0.2	-13	0	5646	288	WSPR2	28230	17745	3.0.1
2026-06-21 21:44	KB4ZVM	EM84	KD3CCO	FN10cs	7.040008	0.1	-16	0	838	32	WSPR2	8380	4549	3.0.1
2026-06-21 21:44	WM4B	EM82em	KD3CCO	FN10cs	7.040003	0.2	-14	0	1054	28	WSPR2	5270	3162	3.0.1
2026-06-21 21:42	KD2EIB	FM29	KD3CCO	FN10cs	7.040202	0.1	-6	1	274	302	WSPR2	2740	2270	3.0.1
2026-06-21 21:42	W9RAG	EN54	KD3CCO	FN10cs	7.040197	0.2	-14	1	1007	110	WSPR2	5035	3021	3.0.1
2026-06-21 21:42	N8FWG	EN62	KD3CCO	FN10cs	7.040168	0.2	-21	0	792	101	WSPR2	3960	1584	3.0.1
2026-06-21 21:42	DJ7KL	JN48fu	KD3CCO	FN10cs	7.040162	5	-9	0	6491	297	WSPR2	1298	964	3.0.1
2026-06-21 21:42	KD4MM	FM18js	KD3CCO	FN10cs	7.040149	0.2	-5	0	228	348	WSPR2	1140	977	3.0.1
2026-06-21 21:42	N9VP	FM06bc	KD3CCO	FN10cs	7.040127	0.2	-15	0	550	19	WSPR2	2750	1571	3.0.1
2026-06-21 21:42	KC2GYU	FM29pe	KD3CCO	FN10cs	7.040125	0.2	-2	0	316	305	WSPR2	1580	1490	3.0.1
2026-06-21 21:42	W2RWM	FN30	KD3CCO	FN10cs	7.040104	0.2	-2	0	402	276	WSPR2	2010	1895	3.0.1
2026-06-21 21:42	N1RB	EN81dj	KD3CCO	FN10cs	7.040082	5	-1	0	501	96	WSPR2	100	97	3.0.1
2026-06-21 21:42	AA1QR	FN43ce	KD3CCO	FN10cs	7.040075	0.2	-16	0	564	244	WSPR2	2820	1531	3.0.1
2026-06-21 21:42	KM4QXW	EM74qb	KD3CCO	FN10cs	7.040065	0.5	-16	0	959	37	WSPR2	1918	1041	3.0.1
2026-06-21 21:42	WW0WWV	DN70mq	KD3CCO	FN10cs	7.040052	1	-19	0	2280	81	WSPR2	2280	1042	3.0.1
2026-06-21 21:42	DK2DB	JN48fw	KD3CCO	FN10cs	7.04004	5	-17	0	6487	297	WSPR2	1297	667	3.0.1
2026-06-21 21:42	KA8YES	EN90ri	KD3CCO	FN10cs	7.040011	0.2	-31	0	237	78	WSPR2	1185	135	3.0.1
2026-06-21 21:40	AA1QR	FN43ce	KD3CCO	FN10cs	7.040166	0.2	-13	0	564	244	WSPR2	2820	1773	3.0.1
2026-06-21 21:40	KC3SDJ	EN90vm	KD3CCO	FN10cs	7.040163	0.2	-13	0	206	81	WSPR2	1030	647	3.0.1
2026-06-21 21:40	KD8ZWI	EN80	KD3CCO	FN10cs	7.040132	0.2	-19	0	444	84	WSPR2	2220	1015	3.0.1
2026-06-21 21:40	N9VP	FM06bc	KD3CCO	FN10cs	7.040115	0.2	-15	0	550	19	WSPR2	2750	1571	3.0.1
2026-06-21 21:40	KD2EIB	FM29	KD3CCO	FN10cs	7.040107	0.1	-9	1	274	302	WSPR2	2740	2035	3.0.1
2026-06-21 21:40	AC9YY	EN51	KD3CCO	FN10cs	7.040104	1	-7	0	945	91	WSPR2	945	756	3.0.1
2026-06-21 21:40	WB8ZLK	EN81ap	KD3CCO	FN10cs	7.04009	0.2	-18	0	525	99	WSPR2	2625	1275	3.0.1
2026-06-21 21:40	KO2J	FM19	KD3CCO	FN10cs	7.04008	0.01	-17	0	157	336	WSPR2	15700	8074	3.0.1
2026-06-21 21:40	WW0WWV	DN70mq	KD3CCO	FN10cs	7.040052	1	-16	0	2280	81	WSPR2	2280	1238	3.0.1
2026-06-21 21:40	WA2KQD	FM19lb	KD3CCO	FN10cs	7.040042	5	-10	0	200	342	WSPR2	40	29	3.0.1
2026-06-21 21:40	KH2R	FN21	KD3CCO	FN10cs	7.040019	1	-22	0	243	252	WSPR2	243	90	3.0.1
2026-06-21 21:38	KD3CCO	FN10cs	N2OTO	EL96wi	7.040085	5	-11	0	1617	188	WSPR2	323	221	v1.2.117
2026-06-21 21:38	KD3CCO	FN10cs	K9IMM	EN52cv	7.040088	5	-6	1	1021	287	WSPR2	204	169	CWSL_DIGI
2026-06-21 21:38	KD3CCO	FN10cs	KV0S	EM38tv	7.040098	5	-15	0	1261	265	WSPR2	252	144	WD_3.3.2-2
2026-06-21 21:38	KD3CCO	FN10cs	N3AGE-0	FN30hw	7.040098	5	11	0	372	86	WSPR2	74	97	WD_3.3.2-2
2026-06-21 21:38	KD3CCO	FN10cs	AC0G	EM38ww	7.040098	5	-3	0	1239	265	WSPR2	248	227	WD_4.0
2026-06-21 21:38	KD3CCO	FN10cs	K1RA	FM18cr	7.04013	5	3	0	227	180	WSPR2	45	49	CWSL_DIGI
2026-06-21 21:38	KD3CCO	FN10cs	KD5QLM	EM13lb	7.040098	5	-13	0	1908	249	WSPR2	382	240	web-888
2026-06-21 21:38	KD3CCO	FN10cs	KC4AP	EL98pc	7.040096	5	-6	0	1433	192	WSPR2	287	238	web-888
2026-06-21 21:38	KD3CCO	FN10cs	KA3SKN	FM18kx	7.040098	5	-22	0	207	164	WSPR2	41	15	1.4A Kiwi
2026-06-21 21:38	KD3CCO	FN10cs	AC1BC	FN42lh	7.040083	5	-13	0	587	71	WSPR2	117	74	1.4A Kiwi
2026-06-21 21:38	KD3CCO	FN10cs	WF4V	FM18jr	7.040098	5	0	0	232	167	WSPR2	46	46	1.4A Kiwi
2026-06-21 21:38	KD3CCO	FN10cs	K8NVH-K0	EN82lm	7.040106	5	-11	0	478	296	WSPR2	96	66	1.4A Kiwi
2026-06-21 21:38	KD3CCO	FN10cs	WB8UFC	EM75ul	7.040115	5	3	0	818	226	WSPR2	164	178	1.4A Kiwi
2026-06-21 21:38	KD3CCO	FN10cs	KD4OKR	FM05on	7.040097	5	13	0	586	189	WSPR2	117	160	1.4A Kiwi
2026-06-21 21:38	KD3CCO	FN10cs	AI4FU-KIWI	EM86ca	7.040098	5	-16	0	743	227	WSPR2	149	81	1.4A Kiwi
2026-06-21 21:38	KD3CCO	FN10cs	KM4MZA	EM78qe	7.040098	5	-8	0	653	246	WSPR2	131	101	1.4A Kiwi
2026-06-21 21:38	KD3CCO	FN10cs	EA8/DL1MDS	IL38bo	7.040099	5	-4	0	5868	82	WSPR2	1174	1040	1.4A Kiwi
2026-06-21 21:38	KD3CCO	FN10cs	VE2EBM	FN36lb	7.040098	5	4	0	702	31	WSPR2	140	156	web-888
2026-06-21 21:38	KD3CCO	FN10cs	W1DRF	FN31pr	7.040099	5	9	0	438	74	WSPR2	88	111	web-888
2026-06-21 21:38	KD3CCO	FN10cs	N8GA-1	EN80ee	7.040098	5	9	0	498	264	WSPR2	100	126	WD_3.3.2-1
2026-06-21 21:38	KD3CCO	FN10cs	K9DZT	EN52wx	7.040098	5	-10	0	889	289	WSPR2	178	127	WD_3.3.2-2
2026-06-21 21:38	KD3CCO	FN10cs	AF7KR	DM45dg	7.040099	5	-19	0	3014	269	WSPR2	603	276	WD_3.3.2-1
2026-06-21 21:38	KD3CCO	FN10cs	N4TTN	FM05pm	7.040098	5	5	0	589	188	WSPR2	118	135	1.4A Kiwi
2026-06-21 21:38	KD3CCO	FN10cs	KD2CLR	FN13gb	7.040097	5	1	0	256	6	WSPR2	51	52	WD_3.1.7
2026-06-21 21:38	KD3CCO	FN10cs	K5MO	FM05	7.040098	5	6	0	598	191	WSPR2	120	141	WD_3.2.3
2026-06-21 21:38	KD3CCO	FN10cs	WD4ELG	FM06be	7.040097	5	-5	0	541	200	WSPR2	108	93	WD_3.3.2-2
2026-06-21 21:38	KD3CCO	FN10cs	G4ZFQ	IO90ir	7.040097	5	-13	0	5768	51	WSPR2	1154	725	WD_3.3.2-2
2026-06-21 21:38	KD3CCO	FN10cs	W4KEL	FM08rd	7.040098	5	17	0	299	193	WSPR2	60	89	1.4A Kiwi
2026-06-21 21:38	KD3CCO	FN10cs	N6GN4	DN70ll	7.040097	5	-11	0	2291	278	WSPR2	458	314	WD_3.3.2-2
2026-06-21 21:38	KD3CCO	FN10cs	KD7EFG-1	DN31uo	7.040097	5	-17	0	2869	283	WSPR2	574	295	WD_3.3.2-2
2026-06-21 21:38	KD3CCO	FN10cs	N3AGE-4	FN30hw	7.040098	5	10	0	372	86	WSPR2	74	95	WD_3.3.2-2
2026-06-21 21:38	KD3CCO	FN10cs	WZ7I	FN20kk	7.040094	5	6	0	228	98	WSPR2	46	54	CWSL_DIGI
2026-06-21 21:38	KD3CCO	FN10cs	PLANB/SWL	IO91en	7.040097	5	-22	0	5714	51	WSPR2	1143	425	WD_3.3.2-2
2026-06-21 21:38	KD3CCO	FN10cs	EA8BFK	IL38bo	7.0401	5	-4	0	5868	82	WSPR2	1174	1040	WD_3.3.2-2
2026-06-21 21:38	KD3CCO	FN10cs	OE3GBB/Q	JN87aq	7.040097	5	-5	0	7042	49	WSPR2	1408	1207	WD_3.3.2-2
2026-06-21 21:38	KD3CCO	FN10cs	K1RA-PI	FM18cr	7.040098	5	4	0	227	180	WSPR2	45	50	DS_0.35.1
2026-06-21 21:38	KD3CCO	FN10cs	WA2TP	FN30lu	7.040098	5	16	0	400	87	WSPR2	80	117	WD_3.3.2-2
2026-06-21 21:38	KD3CCO	FN10cs	K8NVH	EN82lm	7.040095	5	-13	0	478	296	WSPR2	96	60	WD_3.2.3
2026-06-21 21:38	KD3CCO	FN10cs	KW7MM	DM42mm	7.040104	5	-18	0	3077	263	WSPR2	615	299	CWSL_DIGI
2026-06-21 21:38	KD3CCO	FN10cs	G4HZX	IO91xk	7.040097	5	-11	0	5821	50	WSPR2	1164	798	WD_3.3.2-2
2026-06-21 21:38	KD3CCO	FN10cs	WA7LNW	DM37gd	7.040104	5	-18	0	3089	274	WSPR2	618	300	RP122-16
2026-06-21 21:38	KD3CCO	FN10cs	K9TRV-5	EN82bi	7.040097	5	9	0	536	291	WSPR2	107	135	WD_3.3.2-2
2026-06-21 21:38	KD3CCO	FN10cs	K3LR	EN91se	7.040097	5	0	0	229	283	WSPR2	46	46	WD_3.3.2-2
2026-06-21 21:38	KD3CCO	FN10cs	W0CWA/K	DN70kk	7.040097	5	-22	0	2298	278	WSPR2	460	171	WD_3.3.2-2
2026-06-21 21:38	KD3CCO	FN10cs	KD2OM	FN12gx	7.040098	5	14	0	247	6	WSPR2	49	69	WD_3.3.2-2
2026-06-21 21:38	KD3CCO	FN10cs	N6GN5	DN70ll	7.040097	5	-11	0	2291	278	WSPR2	458	314	WD_3.3.2-2
2026-06-21 21:38	KD3CCO	FN10cs	OE3GBB/P	JN87aq	7.040097	5	-7	0	7042	49	WSPR2	1408	1126	WD_3.3.2-2
2026-06-21 21:38	KD3CCO	FN10cs	N5TNL	EM25ui	7.040097	5	-13	0	1562	253	WSPR2	312	196	WD_3.3.2-2
2026-06-21 21:38	KD3CCO	FN10cs	N1DQ-1	FN42hn	7.040098	5	-8	0	569	67	WSPR2	114	88	WD_3.3.2-2
2026-06-21 21:38	KD3CCO	FN10cs	KX4O	FM18cp	7.040118	5	12	0	236	180	WSPR2	47	63	WD_3.3.2-2
2026-06-21 21:38	KD3CCO	FN10cs	KC2G	FN21wa	7.040098	5	1	0	309	84	WSPR2	62	64	WD_3.3.2-2
2026-06-21 21:38	KD3CCO	FN10cs	K9TRV-2	EN82bi	7.040099	5	9	0	536	291	WSPR2	107	135	WD_3.3.2-2
2026-06-21 21:38	KD3CCO	FN10cs	W2NAF-2	FN21ei	7.040098	5	-6	0	193	70	WSPR2	39	32	WD_3.3.2-2
2026-06-21 21:38	KD3CCO	FN10cs	AC0G/ND	EN16ov	7.040097	5	-13	0	1664	300	WSPR2	333	209	WD_3.3.2-2
2026-06-21 21:38	KD3CCO	FN10cs	KD7EFG	DN31uo	7.040097	5	-17	0	2869	283	WSPR2	574	295	WD_3.3.2-2
2026-06-21 21:38	KD3CCO	FN10cs	K9TRV	EN82bi	7.040098	5	5	0	536	291	WSPR2	107	122	WD_3.3.2-2
2026-06-21 21:38	KD3CCO	FN10cs	N3AGE-2	FN30hw	7.040098	5	13	0	372	86	WSPR2	74	101	WD_3.3.2-2
2026-06-21 21:38	KD3CCO	FN10cs	N2YCH	FN31jg	7.040098	5	8	0	388	80	WSPR2	78	96	WD_3.3.2-2
2026-06-21 21:38	KD3CCO	FN10cs	K9TRV-4	EN82bi	7.040097	5	8	0	536	291	WSPR2	107	131	WD_3.3.2-2
2026-06-21 21:38	KD3CCO	FN10cs	DJ2DS/1	JO33sn	7.040097	5	-14	0	6206	46	WSPR2	1241	745	WD_3.3.2-2
2026-06-21 21:38	KD3CCO	FN10cs	KX4AZ/T	EN74gc	7.040097	5	11	0	730	303	WSPR2	146	192	WD_3.3.2-2
2026-06-21 21:38	KD3CCO	FN10cs	W0WWV	DN70mq	7.040097	5	-13	0	2280	279	WSPR2	456	287	WD_3.3.2-2
2026-06-21 21:38	KD3CCO	FN10cs	N8GA	EN80ee	7.040098	5	-14	0	498	264	WSPR2	100	60	WD_3.3.2-1
2026-06-21 21:38	KD3CCO	FN10cs	KM0R	DM43eh	7.040097	5	-23	0	3094	265	WSPR2	619	212	WD_3.3.2-2
2026-06-21 21:38	KD3CCO	FN10cs	G8AOE	IO94im	7.040096	5	-12	0	5629	47	WSPR2	1126	740	WD_3.3.2-2
2026-06-21 21:38	KD3CCO	FN10cs	K3DFD	FN20lb	7.040098	5	-4	0	246	108	WSPR2	49	43	WD_3.3.2-2
2026-06-21 21:38	KD3CCO	FN10cs	WA5DJJ	DM62ph	7.040097	5	-18	0	2734	259	WSPR2	547	266	2.6.1
2026-06-21 21:38	KD3CCO	FN10cs	KM4BLG/SWL	EM85qm	7.040104	5	-4	0	720	217	WSPR2	144	128	2.4.0
2026-06-21 21:38	KD3CCO	FN10cs	KI4TWB/0	EM72hp	7.040106	5	-9	0	1127	219	WSPR2	225	167	2.8.0
2026-06-21 21:38	KD3CCO	FN10cs	DJ9BS	JN39pr	7.0401	5	-14	0	6372	50	WSPR2	1274	764	v1.2.113
2026-06-21 21:38	KD3CCO	FN10cs	WB7OND	FM05mc	7.040099	5	-7	0	638	190	WSPR2	128	102	2.6.1
2026-06-21 21:38	KD3CCO	FN10cs	KE8MYP	EM79ti	7.040097	5	-4	0	582	256	WSPR2	116	103	3.0.1
2026-06-21 21:38	KD3CCO	FN10cs	N4TVC/4	FM18is	7.040124	5	-1	0	226	169	WSPR2	45	44	
2026-06-21 21:38	KD3CCO	FN10cs	GM0UDL	IO77vo	7.040097	5	-3	0	5364	44	WSPR2	1073	981	UberSDR
2026-06-21 21:38	KD3CCO	FN10cs	KD4JG	EL98	7.040097	5	-2	0	1398	193	WSPR2	280	264	3.0.0
2026-06-21 21:38	KD3CCO	FN10cs	N4SRN	FM26	7.040097	5	-9	0	534	153	WSPR2	107	79	3.0.2
2026-06-21 21:38	KD3CCO	FN10cs	KC0KVR	EM48rp	7.040106	5	-8	0	1115	262	WSPR2	223	172	SparkSDR
2026-06-21 21:38	KD3CCO	FN10cs	WS3W	FM19ng	7.040096	5	-5	0	184	155	WSPR2	37	32	
2026-06-21 21:38	KD3CCO	FN10cs	K2JY	EM40	7.04018	5	-17	0	1653	230	WSPR2	331	170	2.7.0
2026-06-21 21:38	KD3CCO	FN10cs	K5QP	EM13sc	7.040074	5	-16	0	1860	249	WSPR2	372	202	2.6.1
2026-06-21 21:38	KD3CCO	FN10cs	N1RB	EN81dj	7.040117	5	3	0	501	280	WSPR2	100	109	3.0.0
2026-06-21 21:38	KD3CCO	FN10cs	KW4TN	EM75vu	7.040098	5	-19	0	782	228	WSPR2	156	71	2.7.0
2026-06-21 21:38	KD3CCO	FN10cs	WA1PER	FN31og	7.040088	5	-14	0	423	81	WSPR2	85	51	v1.2.114
2026-06-21 21:38	KD3CCO	FN10cs	KD2LZI	FN22vt	7.040207	5	17	0	374	51	WSPR2	75	111	
2026-06-21 21:38	KD3CCO	FN10cs	KD2KQM	FN30dq	7.040113	5	-4	0	344	90	WSPR2	69	61	v1.2.114
2026-06-21 21:38	KD3CCO	FN10cs	WA0R	DM79qj	7.040103	5	-19	0	2279	275	WSPR2	456	208	2.2.2
2026-06-21 21:38	KD3CCO	FN10cs	DN9DSF	JN59mu	7.040097	5	-14	0	6604	48	WSPR2	1321	793	web-888
2026-06-21 21:38	KD3CCO	FN10cs	W0YSE	DN41ah	7.040096	5	-24	0	2847	283	WSPR2	569	179	3.0.0
2026-06-21 21:38	KD3CCO	FN10cs	AE5AU	EM34rq	7.040098	5	-5	0	1460	247	WSPR2	292	250	SparkSDR
2026-06-21 21:38	KD3CCO	FN10cs	FN41RY	FN41ks	7.040104	5	-17	0	568	77	WSPR2	114	59	v1.2.117
2026-06-21 21:38	KD3CCO	FN10cs	KR4DBJ	EM56ni	7.040098	5	-14	0	1080	247	WSPR2	216	130	3.1.0
2026-06-21 21:38	KD3CCO	FN10cs	N5CSC	EL09uj	7.040089	5	-13	0	2245	242	WSPR2	449	282	3.0.0
2026-06-21 21:38	KD3CCO	FN10cs	DF8OE	JO42jr	7.040125	5	-16	0	6320	46	WSPR2	1264	686	
2026-06-21 21:38	KD3CCO	FN10cs	W4BLD	EL98gw	7.040108	5	-31	0	1357	195	WSPR2	271	31	2.2.159
2026-06-21 21:38	KD3CCO	FN10cs	VE2SUS	FN35cl	7.040075	5	-18	0	616	30	WSPR2	123	60	v1.2.115
2026-06-21 21:38	KD3CCO	FN10cs	K1RA-4	FM18cr	7.0401	5	5	0	227	180	WSPR2	45	51	UberSDR
2026-06-21 21:38	KD3CCO	FN10cs	LU8MIL	FF57	7.040098	5	-22	0	8199	172	WSPR2	1640	609	web-888
2026-06-21 21:38	KD3CCO	FN10cs	KJ5MTR	EM10em	7.040098	5	-18	0	2116	244	WSPR2	423	205	3.0.0
2026-06-21 21:38	KD3CCO	FN10cs	N9AWU	EM69sm	7.040098	5	0	0	749	262	WSPR2	150	150	web-888
2026-06-21 21:38	KD3CCO	FN10cs	WESSEX	IO80qr	7.040099	5	-8	0	5679	52	WSPR2	1136	876	UberSDR
2026-06-21 21:38	KD3CCO	FN10cs	K3GMQ	FN20lh	7.040098	5	8	0	238	101	WSPR2	48	59	UberSDR
2026-06-21 21:38	KD3CCO	FN10cs	KB3EDF	FM18rh	7.040122	5	5	0	294	158	WSPR2	59	67	SparkSDR
2026-06-21 21:38	KD3CCO	FN10cs	VA3VOR	FN14rl	7.040098	5	-16	0	425	14	WSPR2	85	46	1.4A Kiwi
2026-06-21 21:38	KD3CCO	FN10cs	PT2FHC	GH64cg	7.040097	5	-24	0	7003	147	WSPR2	1401	440	UberSDR
2026-06-21 21:38	KD3CCO	FN10cs	OE3GBB	JN87aq	7.040096	5	-5	0	7042	49	WSPR2	1408	1207	UberSDR
2026-06-21 21:38	KD3CCO	FN10cs	N6IO	EM85sm	7.040098	5	-17	0	712	216	WSPR2	142	73	web-888
2026-06-21 21:38	KD3CCO	FN10cs	K4AGR	EM71gc	7.040098	5	-6	0	1276	215	WSPR2	255	211	web-888
2026-06-21 21:38	KD3CCO	FN10cs	VE5CRL	DO62rc	7.040114	5	-13	0	2514	310	WSPR2	503	316	3.0.0
2026-06-21 21:38	KD3CCO	FN10cs	KC2KCL	FN30gu	7.040098	5	-11	0	365	87	WSPR2	73	50	web-888
2026-06-21 21:38	KD3CCO	FN10cs	K2AJM	FN42hu	7.040098	5	-24	0	580	64	WSPR2	116	36	3.0.2
2026-06-21 21:38	KD3CCO	FN10cs	F5VBD	JN25xo	7.040138	5	-13	0	6492	55	WSPR2	1298	816	UberSDR
2026-06-21 21:38	KD3CCO	FN10cs	NY4Q	EM84am	7.040098	5	-2	0	881	220	WSPR2	176	166	UberSDR
2026-06-21 21:38	KD3CCO	FN10cs	K1JFJ	FM08eh	7.040098	5	10	0	315	210	WSPR2	63	81	UberSDR
2026-06-21 21:38	KD3CCO	FN10cs	N9EAT	EN41wt	7.040139	5	-6	0	1036	280	WSPR2	207	172	UberSDR
2026-06-21 21:38	KD3CCO	FN10cs	KD2M	EL87sg	7.040097	5	-8	0	1561	197	WSPR2	312	241	UberSDR
2026-06-21 21:38	KD3CCO	FN10cs	VA3VF	FN25	7.0401	5	-8	0	569	22	WSPR2	114	88	3.0.2
2026-06-21 21:38	KD3CCO	FN10cs	NB3A	FM18cr	7.040097	5	7	0	227	180	WSPR2	45	54	UberSDR
2026-06-21 21:38	KD3CCO	FN10cs	KC2FD	FN30lv	7.040098	5	5	0	400	86	WSPR2	80	91	UberSDR
2026-06-21 21:38	KD3CCO	FN10cs	VA3ROM	EN58jk	7.040097	5	-4	0	1240	317	WSPR2	248	220	UberSDR
2026-06-21 21:38	KD3CCO	FN10cs	K5JBT	EL29ds	7.04011	5	-20	0	2028	239	WSPR2	406	174	UberSDR
2026-06-21 21:38	KD3CCO	FN10cs	VK6PVL	OF88bc	7.040101	5	-22	0	18429	304	WSPR2	3686	1369	2.7.0
2026-06-21 21:38	KD3CCO	FN10cs	N2EPE	FN13fb	7.0401	5	11	0	256	5	WSPR2	51	67	UberSDR
2026-06-21 21:38	KD3CCO	FN10cs	K3FEF	FN21mh	7.040098	5	6	0	245	75	WSPR2	49	57	UberSDR
2026-06-21 21:38	KD3CCO	FN10cs	N4HAC	FM08xt	7.040097	5	-12	0	219	186	WSPR2	44	29	UberSDR
2026-06-21 21:37	KD3CCO	FN10cs	KR4HCH	FM05qr	7.040105	5	-2	0	565	188	WSPR2	113	107	iDigi 2.2.
2026-06-21 21:36	IU0JJD	JN61tp	KD3CCO	FN10cs	7.040186	0.2	-21	0	7246	303	WSPR2	36230	14492	3.0.1
2026-06-21 21:36	K5ZAK	EL09	KD3CCO	FN10cs	7.040173	1	-20	0	2295	51	WSPR2	2295	984	3.0.1
2026-06-21 21:36	VE9XYZ	FN75	KD3CCO	FN10cs	7.040152	0.2	-12	0	1158	248	WSPR2	5790	3805	3.0.1
2026-06-21 21:36	KR4CSE	EM70de	KD3CCO	FN10cs	7.040151	1	-6	0	1377	29	WSPR2	1377	1141	3.0.1
2026-06-21 21:36	W2RCL	FM19	KD3CCO	FN10cs	7.040132	0.2	-3	0	157	336	WSPR2	785	718	3.0.1
2026-06-21 21:36	KX4DQ	EM66	KD3CCO	FN10cs	7.040095	0.2	-16	0	934	56	WSPR2	4670	2535	3.0.1
2026-06-21 21:36	N9VP	FM06bc	KD3CCO	FN10cs	7.040091	0.2	-15	0	550	19	WSPR2	2750	1571	3.0.1
2026-06-21 21:36	KF0SCE	EN42	KD3CCO	FN10cs	7.040061	0.2	-18	0	1116	95	WSPR2	5580	2710	3.0.1
2026-06-21 21:36	WW0WWV	DN70mq	KD3CCO	FN10cs	7.040052	1	-21	0	2280	81	WSPR2	2280	912	3.0.1
2026-06-21 21:36	AA1QR	FN43ce	KD3CCO	FN10cs	7.040021	0.2	-12	0	564	244	WSPR2	2820	1853	3.0.1
2026-06-21 21:34	KD3CCO	FN10cs	N2OTO	EL96wi	7.040085	5	-12	0	1617	188	WSPR2	323	212	v1.2.117
2026-06-21 21:34	KD3CCO	FN10cs	K9IMM	EN52cv	7.040089	5	-5	0	1021	287	WSPR2	204	175	CWSL_DIGI
2026-06-21 21:34	KD3CCO	FN10cs	KV0S	EM38tv	7.040098	5	-14	0	1261	265	WSPR2	252	151	WD_3.3.2-2
2026-06-21 21:34	KD3CCO	FN10cs	N3AGE-0	FN30hw	7.040098	5	8	0	372	86	WSPR2	74	91	WD_3.3.2-2
2026-06-21 21:34	KD3CCO	FN10cs	AC0G	EM38ww	7.040098	5	-6	0	1239	265	WSPR2	248	205	WD_4.0
2026-06-21 21:34	KD3CCO	FN10cs	N0QDS	EN35ga	7.040098	5	-4	0	1358	296	WSPR2	272	241	1.4A Kiwi
2026-06-21 21:34	KD3CCO	FN10cs	VE4KRK	EN19gu	7.040098	5	-14	0	1831	310	WSPR2	366	220	1.4A Kiwi
2026-06-21 21:34	KD3CCO	FN10cs	VE6JY	DO33or	7.040098	5	-10	0	2967	311	WSPR2	593	424	web-888
2026-06-21 21:34	KD3CCO	FN10cs	K4AGR	EM71gc	7.040098	5	-11	0	1276	215	WSPR2	255	175	web-888
2026-06-21 21:34	KD3CCO	FN10cs	WB8UFC	EM75ul	7.040115	5	-3	0	818	226	WSPR2	164	150	1.4A Kiwi
2026-06-21 21:34	KD3CCO	FN10cs	KD5QLM	EM13lb	7.040098	5	-14	0	1908	249	WSPR2	382	229	web-888
2026-06-21 21:34	KD3CCO	FN10cs	KB8VUC	EN72er	7.040166	5	-7	0	685	291	WSPR2	137	110	1.4A Kiwi
2026-06-21 21:34	KD3CCO	FN10cs	AC1BC	FN42lh	7.040083	5	-18	0	587	71	WSPR2	117	57	1.4A Kiwi
2026-06-21 21:34	KD3CCO	FN10cs	KM4MZA	EM78qe	7.040099	5	-14	0	653	246	WSPR2	131	79	1.4A Kiwi
2026-06-21 21:34	KD3CCO	FN10cs	KD4OKR	FM05on	7.040097	5	3	0	586	189	WSPR2	117	127	1.4A Kiwi
2026-06-21 21:34	KD3CCO	FN10cs	AI4FU-KIWI	EM86ca	7.040098	5	-13	0	743	227	WSPR2	149	94	1.4A Kiwi
2026-06-21 21:34	KD3CCO	FN10cs	KC2KCL	FN30gu	7.040098	5	-13	0	365	87	WSPR2	73	46	web-888
2026-06-21 21:34	KD3CCO	FN10cs	VE2EBM	FN36lb	7.040098	5	4	0	702	31	WSPR2	140	156	web-888
2026-06-21 21:34	KD3CCO	FN10cs	EA8/DL1MDS	IL38bo	7.040099	5	-5	0	5868	82	WSPR2	1174	1006	1.4A Kiwi
2026-06-21 21:34	KD3CCO	FN10cs	WF4V	FM18jr	7.040099	5	2	0	232	167	WSPR2	46	49	1.4A Kiwi
2026-06-21 21:34	KD3CCO	FN10cs	LU8MIL	FF57	7.040099	5	-21	0	8199	172	WSPR2	1640	656	web-888
2026-06-21 21:34	KD3CCO	FN10cs	KA3SKN	FM18kx	7.040098	5	-20	0	207	164	WSPR2	41	18	1.4A Kiwi
2026-06-21 21:34	KD3CCO	FN10cs	KC4AP	EL98pc	7.040097	5	2	0	1433	192	WSPR2	287	303	web-888
2026-06-21 21:34	KD3CCO	FN10cs	VA3ROM-1	EN58jk	7.040098	5	-1	0	1240	317	WSPR2	248	241	web-888
2026-06-21 21:34	KD3CCO	FN10cs	AF7KR	DM45dg	7.040099	5	-20	0	3014	269	WSPR2	603	258	WD_3.3.2-1
2026-06-21 21:34	KD3CCO	FN10cs	N8GA-1	EN80ee	7.040098	5	6	0	498	264	WSPR2	100	117	WD_3.3.2-1
2026-06-21 21:34	KD3CCO	FN10cs	K1RA	FM18cr	7.04013	5	5	0	227	180	WSPR2	45	51	CWSL_DIGI
2026-06-21 21:34	KD3CCO	FN10cs	K9DZT	EN52wx	7.040098	5	-9	0	889	289	WSPR2	178	132	WD_3.3.2-2
2026-06-21 21:34	KD3CCO	FN10cs	N6GN4	DN70ll	7.040097	5	-13	0	2291	278	WSPR2	458	288	WD_3.3.2-2
2026-06-21 21:34	KD3CCO	FN10cs	WZ7I	FN20kk	7.040094	5	1	0	228	98	WSPR2	46	47	CWSL_DIGI
2026-06-21 21:34	KD3CCO	FN10cs	N4TTN	FM05pm	7.040098	5	6	0	589	188	WSPR2	118	138	1.4A Kiwi
2026-06-21 21:34	KD3CCO	FN10cs	KW7MM	DM42mm	7.040104	5	-17	0	3077	263	WSPR2	615	316	CWSL_DIGI
2026-06-21 21:34	KD3CCO	FN10cs	KD7EFG	DN31uo	7.040097	5	-17	0	2869	283	WSPR2	574	295	WD_3.3.2-2
2026-06-21 21:34	KD3CCO	FN10cs	KD7EFG-1	DN31uo	7.040097	5	-17	0	2869	283	WSPR2	574	295	WD_3.3.2-2
2026-06-21 21:34	KD3CCO	FN10cs	K5MO	FM05	7.040098	5	5	0	598	191	WSPR2	120	137	WD_3.2.3
2026-06-21 21:34	KD3CCO	FN10cs	WA7LNW	DM37gd	7.040105	5	-17	0	3089	274	WSPR2	618	318	RP122-16
2026-06-21 21:34	KD3CCO	FN10cs	WD4ELG	FM06be	7.040097	5	-7	0	541	200	WSPR2	108	86	WD_3.3.2-2
2026-06-21 21:34	KD3CCO	FN10cs	KD2CLR	FN13gb	7.040097	5	-5	0	256	6	WSPR2	51	44	WD_3.1.7
2026-06-21 21:34	KD3CCO	FN10cs	EA8BFK	IL38bo	7.0401	5	-4	0	5868	82	WSPR2	1174	1040	WD_3.3.2-2
2026-06-21 21:34	KD3CCO	FN10cs	N3AGE-4	FN30hw	7.040098	5	9	0	372	86	WSPR2	74	93	WD_3.3.2-2
2026-06-21 21:34	KD3CCO	FN10cs	KD2OM	FN12gx	7.040098	5	17	0	247	6	WSPR2	49	73	WD_3.3.2-2
2026-06-21 21:34	KD3CCO	FN10cs	N9AWU	EM69sm	7.040099	5	-2	0	749	262	WSPR2	150	141	web-888
2026-06-21 21:34	KD3CCO	FN10cs	K8NVH-K0	EN82lm	7.040107	5	-14	0	478	296	WSPR2	96	58	1.4A Kiwi
2026-06-21 21:34	KD3CCO	FN10cs	K3LR	EN91se	7.040098	5	-1	0	229	283	WSPR2	46	45	WD_3.3.2-2
2026-06-21 21:34	KD3CCO	FN10cs	K9TRV-5	EN82bi	7.040098	5	4	0	536	291	WSPR2	107	119	WD_3.3.2-2
2026-06-21 21:34	KD3CCO	FN10cs	K1RA-PI	FM18cr	7.040098	5	5	0	227	180	WSPR2	45	51	DS_0.35.1
2026-06-21 21:34	KD3CCO	FN10cs	K9TRV-2	EN82bi	7.040099	5	3	0	536	291	WSPR2	107	116	WD_3.3.2-2
2026-06-21 21:34	KD3CCO	FN10cs	CT7ARF	IM58js	7.040103	5	-14	0	5710	68	WSPR2	1142	685	v1.2.115
2026-06-21 21:34	KD3CCO	FN10cs	KX4O	FM18cp	7.040119	5	12	0	236	180	WSPR2	47	63	WD_3.3.2-2
2026-06-21 21:34	KD3CCO	FN10cs	N6GN5	DN70ll	7.040097	5	-13	0	2291	278	WSPR2	458	288	WD_3.3.2-2
2026-06-21 21:34	KD3CCO	FN10cs	N5TNL	EM25ui	7.040097	5	-14	0	1562	253	WSPR2	312	187	WD_3.3.2-2
2026-06-21 21:34	KD3CCO	FN10cs	K8NVH	EN82lm	7.040095	5	-14	0	478	296	WSPR2	96	58	WD_3.2.3
2026-06-21 21:34	KD3CCO	FN10cs	WA2TP	FN30lu	7.040098	5	15	0	400	87	WSPR2	80	114	WD_3.3.2-2
2026-06-21 21:34	KD3CCO	FN10cs	OE3GBB/P	JN87aq	7.040096	5	-7	0	7042	49	WSPR2	1408	1126	WD_3.3.2-2
2026-06-21 21:34	KD3CCO	FN10cs	N1DQ-1	FN42hn	7.040098	5	-4	0	569	67	WSPR2	114	101	WD_3.3.2-2
2026-06-21 21:34	KD3CCO	FN10cs	K9TRV-4	EN82bi	7.040097	5	4	0	536	291	WSPR2	107	119	WD_3.3.2-2
2026-06-21 21:34	KD3CCO	FN10cs	N2YCH	FN31jg	7.040098	5	8	0	388	80	WSPR2	78	96	WD_3.3.2-2
2026-06-21 21:34	KD3CCO	FN10cs	KD3ALD	FN21ni	7.040098	5	-3	0	253	74	WSPR2	51	47	WD_3.3.2-1
2026-06-21 21:34	KD3CCO	FN10cs	KR8MER	EN71xa	7.040098	5	-20	0	526	275	WSPR2	105	45	v1.2.116
2026-06-21 21:34	KD3CCO	FN10cs	N8GA	EN80ee	7.040098	5	-12	0	498	264	WSPR2	100	66	WD_3.3.2-1
2026-06-21 21:34	KD3CCO	FN10cs	W0WWV	DN70mq	7.040097	5	-15	0	2280	279	WSPR2	456	261	WD_3.3.2-2
2026-06-21 21:34	KD3CCO	FN10cs	W2NAF-2	FN21ei	7.040098	5	3	0	193	70	WSPR2	39	42	WD_3.3.2-2
2026-06-21 21:34	KD3CCO	FN10cs	KX4AZ/T	EN74gc	7.040097	5	13	-1	730	303	WSPR2	146	200	WD_3.3.2-2
2026-06-21 21:34	KD3CCO	FN10cs	AC0G/ND	EN16ov	7.040098	5	-13	0	1664	300	WSPR2	333	209	WD_3.3.2-2
2026-06-21 21:34	KD3CCO	FN10cs	KC2G	FN21wa	7.040098	5	7	0	309	84	WSPR2	62	74	WD_3.3.2-2
2026-06-21 21:34	KD3CCO	FN10cs	K9TRV	EN82bi	7.040098	5	1	0	536	291	WSPR2	107	110	WD_3.3.2-2
2026-06-21 21:34	KD3CCO	FN10cs	N3AGE-2	FN30hw	7.040098	5	14	0	372	86	WSPR2	74	104	WD_3.3.2-2
2026-06-21 21:34	KD3CCO	FN10cs	K3DFD	FN20lb	7.040098	5	-2	0	246	108	WSPR2	49	46	WD_3.3.2-2
2026-06-21 21:34	KD3CCO	FN10cs	WA5DJJ	DM62ph	7.040097	5	-19	0	2734	259	WSPR2	547	250	2.6.1
2026-06-21 21:34	KD3CCO	FN10cs	KZ4IK	FM08vi	7.040095	5	7	0	271	188	WSPR2	54	65	2.7.0
2026-06-21 21:34	KD3CCO	FN10cs	KC2STA4	FN22	7.0401	5	0	-1	297	49	WSPR2	59	59	2.5.4
2026-06-21 21:34	KD3CCO	FN10cs	KD2LZI	FN22vt	7.040207	5	15	0	374	51	WSPR2	75	107	
2026-06-21 21:34	KD3CCO	FN10cs	W4KEL	FM08rd	7.040098	5	14	0	299	193	WSPR2	60	84	1.4A Kiwi
2026-06-21 21:34	KD3CCO	FN10cs	KB0WJQ	EN35ed	7.040097	5	-8	0	1374	296	WSPR2	275	212	3.0.0
2026-06-21 21:34	KD3CCO	FN10cs	AJ4AV	EM73tw	7.040125	5	-14	0	956	219	WSPR2	191	115	v1.2.116
2026-06-21 21:34	KD3CCO	FN10cs	GM0UDL	IO77vo	7.040097	5	-3	0	5364	44	WSPR2	1073	981	UberSDR
2026-06-21 21:34	KD3CCO	FN10cs	N4TVC/4	FM18is	7.040125	5	2	0	226	169	WSPR2	45	48	
2026-06-21 21:34	KD3CCO	FN10cs	KJ5MTR	EM10em	7.040097	5	-17	0	2116	244	WSPR2	423	218	3.0.0
2026-06-21 21:34	KD3CCO	FN10cs	KC0KVR	EM48rp	7.040107	5	-11	0	1115	262	WSPR2	223	153	SparkSDR
2026-06-21 21:34	KD3CCO	FN10cs	KR4DBJ	EM56ni	7.040098	5	-12	0	1080	247	WSPR2	216	142	3.1.0
2026-06-21 21:34	KD3CCO	FN10cs	KX1Q	FN42ij	7.040101	5	-5	0	570	69	WSPR2	114	98	2.7.0
2026-06-21 21:34	KD3CCO	FN10cs	W4BLD	EL98gw	7.040108	5	-29	0	1357	195	WSPR2	271	46	2.2.159
2026-06-21 21:34	KD3CCO	FN10cs	KD2KQM	FN30dq	7.040113	5	-5	0	344	90	WSPR2	69	59	v1.2.114
2026-06-21 21:34	KD3CCO	FN10cs	K5QP	EM13sc	7.040074	5	-17	0	1860	249	WSPR2	372	191	2.6.1
2026-06-21 21:34	KD3CCO	FN10cs	WB7OND	FM05mc	7.040099	5	-11	0	638	190	WSPR2	128	88	2.6.1
2026-06-21 21:34	KD3CCO	FN10cs	K3GMQ	FN20lh	7.040098	5	10	0	238	101	WSPR2	48	62	UberSDR
2026-06-21 21:34	KD3CCO	FN10cs	WS3W	FM19ng	7.040096	5	-6	0	184	155	WSPR2	37	31	
2026-06-21 21:34	KD3CCO	FN10cs	KW4TN	EM75vu	7.040108	5	-18	0	782	228	WSPR2	156	76	3.0.0
2026-06-21 21:34	KD3CCO	FN10cs	K2DAK	DM33vq	7.040103	5	-22	0	3125	267	WSPR2	625	232	2.7.0
2026-06-21 21:34	KD3CCO	FN10cs	FN41RY	FN41ks	7.040104	5	-22	0	568	77	WSPR2	114	42	v1.2.117
2026-06-21 21:34	KD3CCO	FN10cs	VE2SUS	FN35cl	7.040075	5	-17	0	616	30	WSPR2	123	63	v1.2.115
2026-06-21 21:34	KD3CCO	FN10cs	W1DRF	FN31pr	7.040099	5	1	0	438	74	WSPR2	88	91	web-888
2026-06-21 21:34	KD3CCO	FN10cs	AC0G/S	EM38ww	7.040098	5	-17	0	1239	265	WSPR2	248	128	WD_4.0
2026-06-21 21:34	KD3CCO	FN10cs	AE5AU	EM34rq	7.040099	5	-7	0	1460	247	WSPR2	292	234	SparkSDR
2026-06-21 21:34	KD3CCO	FN10cs	K1RA-4	FM18cr	7.0401	5	6	0	227	180	WSPR2	45	53	UberSDR
2026-06-21 21:34	KD3CCO	FN10cs	WA0R	DM79qj	7.040103	5	-19	0	2279	275	WSPR2	456	208	2.2.2
2026-06-21 21:34	KD3CCO	FN10cs	WA1PER	FN31og	7.040088	5	-15	0	423	81	WSPR2	85	49	v1.2.114
2026-06-21 21:34	KD3CCO	FN10cs	NB3A	FM18cr	7.040098	5	7	0	227	180	WSPR2	45	54	UberSDR
2026-06-21 21:34	KD3CCO	FN10cs	N5CSC	EL09uj	7.040089	5	-12	0	2245	242	WSPR2	449	295	3.0.0
2026-06-21 21:34	KD3CCO	FN10cs	VA3VOR	FN14rl	7.040098	5	-23	0	425	14	WSPR2	85	29	1.4A Kiwi
2026-06-21 21:34	KD3CCO	FN10cs	VA3VF	FN25	7.040101	5	-6	0	569	22	WSPR2	114	94	3.0.2
2026-06-21 21:34	KD3CCO	FN10cs	KB3EDF	FM18rh	7.040122	5	4	0	294	158	WSPR2	59	66	SparkSDR
2026-06-21 21:34	KD3CCO	FN10cs	KD4JG	EL98	7.040097	5	-2	0	1398	193	WSPR2	280	264	3.0.0
2026-06-21 21:34	KD3CCO	FN10cs	OA6DXV/SDR	FH43gm	7.04014	5	-21	0	6399	173	WSPR2	1280	512	v1.2.115
2026-06-21 21:34	KD3CCO	FN10cs	VE4FEB	EN19lv	7.040098	5	-26	0	1806	311	WSPR2	361	93	3.0.1
2026-06-21 21:34	KD3CCO	FN10cs	KC2FD	FN30lv	7.040098	5	14	0	400	86	WSPR2	80	112	UberSDR
2026-06-21 21:34	KD3CCO	FN10cs	SWLWESTLEX	EM78	7.040099	5	-8	0	671	250	WSPR2	134	103	rtlsdr-056
2026-06-21 21:34	KD3CCO	FN10cs	KD9PAH	EN51wu	7.040095	5	-5	0	871	281	WSPR2	174	149	0.2r_wsprd
2026-06-21 21:34	KD3CCO	FN10cs	K2AJM	FN42hu	7.040098	5	-17	0	580	64	WSPR2	116	60	3.0.2
2026-06-21 21:34	KD3CCO	FN10cs	PT2FHC	GH64cg	7.040098	5	-23	0	7003	147	WSPR2	1401	480	UberSDR
2026-06-21 21:34	KD3CCO	FN10cs	N4SRN	FM26	7.040097	5	1	0	534	153	WSPR2	107	110	3.0.2
2026-06-21 21:34	KD3CCO	FN10cs	K1JFJ	FM08eh	7.040098	5	5	0	315	210	WSPR2	63	72	UberSDR
2026-06-21 21:34	KD3CCO	FN10cs	N6IO	EM85sm	7.040098	5	-20	0	712	216	WSPR2	142	61	web-888
2026-06-21 21:34	KD3CCO	FN10cs	N2EPE	FN13fb	7.0401	5	10	0	256	5	WSPR2	51	66	UberSDR
2026-06-21 21:34	KD3CCO	FN10cs	NY4Q	EM84am	7.040099	5	-2	0	881	220	WSPR2	176	166	UberSDR
2026-06-21 21:34	KD3CCO	FN10cs	VA3ROM	EN58jk	7.040097	5	0	0	1240	317	WSPR2	248	248	UberSDR
2026-06-21 21:34	KD3CCO	FN10cs	KD2M	EL87sg	7.040098	5	-5	0	1561	197	WSPR2	312	267	UberSDR
2026-06-21 21:34	KD3CCO	FN10cs	K2JY	EM40	7.04018	5	-17	0	1653	230	WSPR2	331	170	2.7.0
2026-06-21 21:34	KD3CCO	FN10cs	K3FEF	FN21mh	7.040098	5	7	0	245	75	WSPR2	49	59	UberSDR
2026-06-21 21:34	KD3CCO	FN10cs	N9EAT	EN41wt	7.04014	5	-10	0	1036	280	WSPR2	207	148	UberSDR
2026-06-21 21:34	KD3CCO	FN10cs	VK6PVL	OF88bc	7.040101	5	-22	0	18429	304	WSPR2	3686	1369	2.7.0
2026-06-21 21:34	KD3CCO	FN10cs	N4HAC	FM08xt	7.040098	5	-16	0	219	186	WSPR2	44	24	UberSDR
2026-06-21 21:34	KD3CCO	FN10cs	K5JBT	EL29ds	7.04011	5	-19	0	2028	239	WSPR2	406	186	UberSDR
2026-06-21 21:33	KD3CCO	FN10cs	KR4HCH	FM05qr	7.040106	5	0	0	565	188	WSPR2	113	113	iDigi 2.2.
2026-06-21 21:32	KD2EIB	FM29	KD3CCO	FN10cs	7.040186	0.1	-4	0	274	302	WSPR2	2740	2427	3.0.1
2026-06-21 21:32	KF0QVE	DM78	KD3CCO	FN10cs	7.040179	0.2	-17	0	2338	75	WSPR2	11690	6012	3.0.1
2026-06-21 21:32	K3NUQ	FM09th	KD3CCO	FN10cs	7.040133	0.2	-27	0	170	17	WSPR2	850	194	3.0.1
2026-06-21 21:32	N8FWG	EN62	KD3CCO	FN10cs	7.040126	0.2	-17	0	792	101	WSPR2	3960	2037	3.0.1
2026-06-21 21:32	W0NKA	EN35na	KD3CCO	FN10cs	7.040112	0.2	-18	0	1314	106	WSPR2	6570	3191	3.0.1
2026-06-21 21:32	W2RWM	FN30	KD3CCO	FN10cs	7.040103	0.2	-4	0	402	276	WSPR2	2010	1780	3.0.1
2026-06-21 21:32	AC6NN	FM18iu	KD3CCO	FN10cs	7.040101	0.2	-14	0	217	349	WSPR2	1085	651	3.0.1
2026-06-21 21:32	KO2J	FM19	KD3CCO	FN10cs	7.040096	0.01	-12	0	157	336	WSPR2	15700	10317	3.0.1
2026-06-21 21:32	N3RDX	FM18mu	KD3CCO	FN10cs	7.040073	0.2	-23	0	225	342	WSPR2	1125	386	3.0.1
2026-06-21 21:32	N9VP	FM06bc	KD3CCO	FN10cs	7.040071	0.2	-14	0	550	19	WSPR2	2750	1650	3.0.1
2026-06-21 21:32	N0NKL	EN47	KD3CCO	FN10cs	7.040062	0.2	-22	0	1291	120	WSPR2	6455	2398	3.0.1
2026-06-21 21:32	KB1LY	FN42	KD3CCO	FN10cs	7.040042	0.2	4	2	592	254	WSPR2	2960	3298	3.0.1
2026-06-21 21:32	KH2R	FN21	KD3CCO	FN10cs	7.040037	1	-7	0	243	252	WSPR2	243	194	3.0.1
2026-06-21 21:32	KA8YES	EN90ri	KD3CCO	FN10cs	7.040012	0.2	-16	0	237	78	WSPR2	1185	643	3.0.1
2026-06-21 21:32	AA1AH	FN43	KD3CCO	FN10cs	7.040005	0.2	-14	0	633	244	WSPR2	3165	1899	3.0.1
2026-06-21 21:30	KD2EIB	FM29	KD3CCO	FN10cs	7.040208	0.1	-5	0	274	302	WSPR2	2740	2349	3.0.1
2026-06-21 21:30	AL4U	FM05	KD3CCO	FN10cs	7.040175	0.2	-14	0	598	10	WSPR2	2990	1794	3.0.1
2026-06-21 21:30	DJ7KL	JN48fu	KD3CCO	FN10cs	7.040161	5	-9	0	6491	297	WSPR2	1298	964	3.0.1
2026-06-21 21:30	KR4HCH	FM05qr	KD3CCO	FN10cs	7.040143	0.001	-6	0	565	7	WSPR2	565000	468143	3.0.1
2026-06-21 21:30	KD8ZWI	EN80	KD3CCO	FN10cs	7.040134	0.2	-20	0	444	84	WSPR2	2220	951	3.0.1
2026-06-21 21:30	AC9YY	EN51	KD3CCO	FN10cs	7.040103	1	-12	0	945	91	WSPR2	945	621	3.0.1
2026-06-21 21:30	AC6NN	FM18iu	KD3CCO	FN10cs	7.0401	0.2	-10	0	217	349	WSPR2	1085	775	3.0.1
2026-06-21 21:30	W4MGA	FM17	KD3CCO	FN10cs	7.040065	0.2	-15	0	372	350	WSPR2	1860	1063	3.0.1
2026-06-21 21:30	KB3VR	FM19la	KD3CCO	FN10cs	7.040053	0.2	-6	0	205	342	WSPR2	1025	849	3.0.1
2026-06-21 21:30	N9VP	FM06bc	KD3CCO	FN10cs	7.040048	0.2	-12	0	550	19	WSPR2	2750	1807	3.0.1
2026-06-21 21:30	KE2AFE	FN23va	KD3CCO	FN10cs	7.04004	0.2	-19	0	388	231	WSPR2	1940	887	3.0.1
2026-06-21 21:30	KA3SKN	FM18kx	KD3CCO	FN10cs	7.040031	0.2	-13	0	207	344	WSPR2	1035	651	3.0.1
